seq_id,sequence,match,matched_label,matched_sequence
balbIGHV001,GAGGTGCAGCTTGTTGAGTCTGGTGGAGGATTGGTGCAGCCTAAAGGATCATTGAAACTCTCATGTGCCGCCTCTGGTTTCACCTTCAATACCTATGCCATGCACTGGGTCTGCCAGGCTCCAGGAAAGGGTTTGGAATGGGTTGCTCGCATAAGAAGTAAAAGTAATAATTATGCAACATATTATGCCGATTCAGTGAAAGACAGATTCACCATCTCCAGAGATGATTCACAAAGCATGCTCTATCTGCAAATGAACAACCTGAAAACTGAGGACACAGCCATGTATTACTGTGTGAGAGA,,,
balbIGHV002,CAGGTTCAACTGCAGCAGTCTGGGGCTGAGCTGGTGAGGCCTGGGGCTTCAGTGACGCTGTCCTGCAAGGCTTCGGGCTACACATTTACTGACTATGAAATGCACTGGGTGAAGCAGACACCTGTGCATGGCCTGGAATGGATTGGAGCTATTGATCCTGAAACTGGTGGTACTGCCTACAATCAGAAGTTCAAGGGCAAGGCCACACTGACTGCAGACAAATCCTCCAGCACAGCCTACATGGAGCTCCGCAGCCTGACATCTGAGGACTCTGCCGTCTATTACTGTACAAGA,,,
balbIGHV003,CAGGTTCAACTGCAGCAGTCTGGGGCTGAGCTGGTGAGGCCTGGGGCTTCAGTGAAGCTGTCCTGCAAGGCTTTGGGCTACACATTTACTGACTATGAAATGCACTGGGTGAAGCAGACACCTGTGCATGGCCTGGAATGGATTGGAGCTATTCATCCAGGAAGTGGTGGTACTGCCTACAATCAGAAGTTCAAGGGCAAGGCCACACTGACTGCAGACAAATCCTCCAGCACAGCCTACATGGAGCTCAGCAGCCTGACATCTGAGGACTCTGCTGTCTATTACTGTACAAGA,,,
balbIGHV005,GAGGTCCAGCTGCAGCAGTCTGGACCTGACCTGGTGAAGCCTGGGGCTTCAGTGAAGATATCCTGCAAGGCTTCTGGTTACTCATTCACTGGCTACTACATGCACTGGGTGAAGCAGAGCCATGGAAAGAGCCTTGAGTGGATTGGACGTGTTAATCCTAACAATGGTGGTACTAGCTACAACCAGAAGTTCAAGGGCAAGGCCATATTAACTGTAGACAAGTCATCCAGCACAGCCTACATGGAGCTCCGCAGCCTGACATCTGAGGACTCTGCGGTCTATTACTGTGCAAGA,,,
balbIGHV006,GAGGTTCAGCTGCAGCAGTCTGGACCTGAGCTGGTGAAGCCTGGGGCTTCAGTGAAGATATCCTGCAAGGCTTCTGGTTACTCATTTACTGGCTACTTTATGAACTGGGTGAAGCAGAGCCATGGAAAGAGCCTTGAGTGGATTGGACGTATTAATCCTTACAATGGTGATACTTTCTACAACCAGAAGTTCAAGGGCAAGGCCACATTGACTGTAGACAAATCCTCTAGCACAGCCCACATGGAGCTCCTGAGCCTGACATCTGAGGACTCTGCAGTCTATTATTGTGGAAGA,,,
balbIGHV007,GAGATCCAGCTGCAGCAGACTGGACCTGAGCTGGTGAAGCCTGGGGCTTCAGTGAAGATATCCTGCAAGGCTTCTGGTTATTCATTCACTGACTACATCATGCTCTGGGTGAAGCAGAGCCATGGAAAGAGCCTTGAGTGGATTGGAAATATTAATCCTTACTATGGTAGTACTAGCTACAATCTGAAGTTCAAGGGCAAGGCCACATTGACTGTAGACAAATCTTCCAGCACAGCCTACATGCAGCTCAACAGTCTGACATCTGAGGACTCTGCAGTCTATTACTGTGCAAGA,,,
balbIGHV008,GAGGTTCAGCTCCAGCAGTCTGGGACTGTGCTGGCAAGGCCTGGGGCTTCCGTGAAGATGTCCTGCAAGGCTTCTGGCTACAGCTTTACCAGCTACTGGATGCACTGGGTAAAACAGAGGCCTGGACAGGGTCTAGAATGGATTGGTGCTATTTATCCTGGAAATAGTGATACTAGCTACAACCAGAAGTTCAAGGGCAAGGCCAAACTGACTGCAGTCACATCCGCCAGCACTGCCTACATGGAGCTCAGCAGCCTGACAAATGAGGACTCTGCGGTCTATTACTGTACAAGA,,,
balbIGHV009,CAGGTCCAGCTGCAGCAGTCTGGAGCTGGGCTGGTGAAACCCGGGGCATCAGTGAAGCTGTCCTGCAAGGCTTCTGGCTACACCTTCACTGAGTATATTATACACTGGGTAAAGCAGAGGTCTGGACAGGGTCTTGAGTGGATTGGGTGGTTTTACCCTGGAAGTGGTAGTATAAAGTACAATGAGAAATTCAAGGACAAGGCCACATTGACTGCGGACAAATCCTCCAGCACAGTCTATATGGAGCTTAGTAGATTGACATCTGAAGACTCTGCGGTCTATTTCTGTGCAAGACACGAAGA,,,
balbIGHV010,CAGGTCCAGTTGCAGCAGTCTGGAGCTGAGCTGGTAAGGCCTGGGACTTCAGTGAAGATATCCTGCAAGGCTTCTGGATACGCCTTCACTAACTACTGGCTAGGTTGGGTAAAGCAGAGGCCTGGACATGGACTTGAGTGGATTGGAGATATTTACCCTGGAAGTGGTAATACTTACTACAATGAGAAGTTCAAGGGCAAAGCCACACTGACTGCAGACAAATCCTCGAGCACAGCCTATATGCAGCTCAGTAGCCTGACATCTGAGGACTCTGCTGTCTATTTCTGTGCAAGA,,,
balbIGHV011,CAGGTCCAGCTGCAGCAGTCTGGACCTGAGCTGGTGAAGCCTGGGGCTTCAGTGAAGATATCCTGCAAGGCTTCTGGCTACAGCTTCACAAGCTACTATATACACTGGGTGAAGCAGAGGCCTGGACAGGGACTTGAGTGGATTGGATGGATTTTTCCTGGAAGTGGTAATACTAAGTACAATGAGAAGTTCAAGGGCAAGGCCACACTGACGGCAGACACATCCTCCAGCACAGCCTACATGCAGCTCAGCAGCCTGACATCTGAGGACTCTGCAGTCTATTTCTGTGCAAGA,,,
balbIGHV012,CAGGTCCAGTTGCAGCAGTCTGGGCCTGAGCTGGTGAGGCCTGGGGTCTCAGTGAAGATTTCCTGCAAGGGTTCCAGCTACACATTCACTGATTATGCTATGCACTGGGTGAAGCAGAGTCATGCAAAGAGTCTAGAGTGGATTGGAGTTATTAGTACTTACTATGGTAATACTAACTACAACCAGAAGTTTAAGGGCAAGGCCACAATGACTGTAGACAAATCCTCCAGCACAGCCTATATGGAACTTGCCAGATTGACATCTGAGGATTCTGCCGTCTATTACTGTGCAAGA,,,
balbIGHV013,CAGGTCCAGCTGCAGCAGTCTGGGCCTGAGGTGGTGAGGCCTGGGGTCTCAGTGAAGATTTCCTGCAAGGGTTCCGGCTACACATTCACTGATTATGCTATGCACTGGGTGAAGCAGAGTCATGCAAAGAGTCTAGAGTGGATTGGAGTTATTAGTACTTACAATGGTAATACAAACTACAACCAGAAGTTTAAGGGCAAGGCCACAATGACTGTAGACAAATCCTCCAGCACAGCCTATATGGAACTTGCCAGATTGACATCTGAGGATTCTGCCATCTATTACTGTGCAAGA,,,
balbIGHV015,CAGGTCCAACTGCAGCAGCCTGGGGCTGAGCTGGTGAGGCCTGGGGCTTCAGTGAAGCTGTCCTGCAAGGCTTCTGGCTACACGTTCACCAGCTACTGGATGAACTGGGTTAAGCAGAGGCCTGAGCAAGGCCTTGAGTGGATTGGAAGGATTGATCCTTACGATAGTGAAACTCACTACAATCAAAAGTTCAAGGACAAGGCCATATTGACTGTAGACAAATCCTCCAGCACAGCCTACATGCAACTCAGCAGCCTGACATCTGAGGACTCTGCGGTCTATTACTGTGCAAGA,,,
balbIGHV018,CAGGTCCAACTGCAGCAGCCTGGGGCTGAGCTGGTGAAGCCTGGGGCTTCAGTGAAGATGTCCTGCAAGGCTTCTGGCTACACCTTCACCAGCTACTGGATGCACTGGGTGAAGCAGAGGCCTGGACAAGGCCTTGAGTGGATCGGAGTGATTGATCCTTCTGATAGTTATACTAGCTACAATCAAAAGTTCAAGGGCAAGGCCACATTGACTGTAGACACATCCTCCAGCACAGCCTACATGCAGCTCAGCAGCCTGACATCTGAGGACTCTGCGGTCTATTACTGTACAAGA,,,
balbIGHV019,GAGATCCAGCTGCAGCAGTCTGGACCTGAGCTGGTGAAGCCTGGGGCTTCAGTGAAGGTATCCTGCAAGGCTTCTGGTTATGCATTCACTAGCTACAACATGTACTGGGTGAAGCAGAGCCATGGAAAGAGCCTTGAGTGGATTGGATATATTGATCCTTACAATGGTGGTACTAGCTACAACCAGAAGTTCAAGGGCAAGGCCACATTGACTGTTGACAAGTCCTCCAGCACAGCCTACATGCATCTCAACAGCCTGACATCTGAGGACTCTGCAGTCTATTACTGTGCAAGA,,,
balbIGHV020,GAGGTCCAGCTTCAGCAGTCAGGACCTGAGCTGGTGAAACCTGGGGCCTCAGTGAAGATATCCTGCAAGGCTTCTGGATACACATTCACTGACTACAACATGCACTGGGTGAAGCAGAGCCATGGAAAGAGCCTTGAGTGGATTGGATATATTTATCCTTACAATGGTGGTACTGGCTACAACCAGAAGTTCAAGAGCAAGGCCACATTGACTGTAGACAATTCCTCCAGCACAGCCTACATGGAGCTCCGCAGCCTGACATCTGAGGACTCTGCAGTCTATTACTGTGCAAGA,,,
balbIGHV021,GAAGTGAAGCTTGAGGAGTCTGGAGGAGGCTTGGTGCAACCTGGAGGATCCATGAAACTCTCCTGTGTAGCCTCTGGATTTACTTTCAGTAGCTACTGGATGTCTTGGGTCCGCCAGTCTCCAGAGAAGGGGCTTGAGTGGGTTGCTGAAATTAGATTGAAATCTGATAATTATGCAACACATTATGCGGAGTCTGTGAAAGGGAAGTTCACCATCTCAAGAGATGATTCCAAAAGTCGTCTCTACCTGCAAATGAACAGCTTAAGAGCTGAAGACACTGGAATTTATTACTGTACAGG,,,
balbIGHV022,GAAGTGAAGCTTGAGGAGTCTGGAGGAGGCTTGGTGCAACCTGGAGGATCCATGAAACTCTCTTGTGCTGCCTCTGGATTCACTTTTAGTGACGCCTGGATGGACTGGGTCCGCCAGTCTCCAGAGAAGGGGCTTGAGTGGGTTGCTGAAATTAGAAGCAAAGCTAATAATCATGCAACATACTATGCTGAGTCTGTGAAAGGGAGGTTCACCATCTCAAGAGATGATTCCAAAAGTAGTGTCTACCTGCAAATGAACAGCTTAAGAGCTGAAGACACTGGCATTTATTACTGTACCAGG,,,
balbIGHV023,CAGGTTACTCTGAAAGAGTCTGGCCCTGGGATATTGCAGCCCTCCCAGACCCTCAGTCTGACTTGTTCTTTCTCTGGGTTTTCACTGAGCACTTCTGGTATGGGTGTGAGCTGGATTCGTCAGCCTTCAGGAAAGGGTCTGGAGTGGCTGGCACACATTTACTGGGATGATGACAAGCGCTATAACCCATCCCTGAAGAGCCGGCTCACAATCTCCAAGGATACCTCCAGAAACCAGGTATTCCTCAAGATCACCAGTGTGGACACTGCAGATACTGCCACATACTACTGTGCTCGAAGAG,,,
balbIGHV024,CAGGTTACTCTGAAAGTGTCTGGCCCTGGGATATTGCAGCCATCACAGACTCTCGGCCTGGCCTGTACTTTCTCTGGGATTTCACTGAGTACTTCTGGTATGGGTTTGAGCTGGCTTCGTAAGCCCTCAGGGAAGGCTTTAGAGTGGCTGGCAAGCATTTGGAATAATGATAACTACTACAACCCATCTTTGAAGAGCCGGCTCACAATCTCCAAGGAGACCTCCAACAACCAAGTATTCCTTAAACTCACCAGTGTGGACACTGCAGATTCTACCACATACTACTGTGCTTGGAGAGAG,,,
balbIGHV025,CAGGTTACTCTGAAAGAGTCTGGCCCTGGGATATTGCAGCCCTCCCAGACCCTCAGTCTGACTTGTTCTTTCTCTGGGTTTTCACTGAGCACTTCTGGTATGGGTGTAGGCTGGATTCGTCAGCCATCAGGGAAGGGTCTGGAGTGGCTGGCACACATTTGGTGGGATGATGTCAAGCGCTATAACCCAGCCCTGAAGAGCCGACTGACTATCTCCAAGGATACCTCCAGCAGCCAGGTATTCCTCAAGATCGCCAGTGTGGACACTGCAGATACTGCCACATACTACTGTGCTCGAATAG,,,
balbIGHV026,CAGGTTACTCTGAAAGAGTCTGGCCCTGGGATATTGCAGCCCTCCCAGACCCTCAGTCTGACTTGTTCTTTCTCTGGGTTTTCACTGAGCACTTCTGGTATGGGTGTAGGCTGGATTCGTCAGCCTTCAGGGAAGGGTCTGGAGTGGCTGGCACACATTTGGTGGGATGATGACAAGCGCTATAACCCAGCCCTGAAGAGCCGACTGACAATCTCCAAGGATACCTCCAGCAACCAGGTATTCCTCAAGATCGCCAGTGTGGACACTGCAGATACTGCCACATACTACTGTGCTCGAATAG,,,
balbIGHV028,CAGGTTACTCTGAAAGAGTCTGGCCCTGGGATATTGCAGCCCTCCCAGACCCTCAGTCTGACTTGTTCTTTCTCTGGGTTTTCACTGAGCACTTCTGGTATGAGTGTAGGCTGGATTCGTCAGCCTTCAGGGAAGGGTCTGGAGTGGCTGGCACACATTTGGTGGAATGATGATAAGTACTATAACCCAGCCCTGAAAAGCCGGCTCACAATCTCCAAGGATACCTCCAACAACCAGGTATTCCTCAAGATCGCCAGTGTGGTCACTGCAGATACTGCCACATACTACTGTGCTCGAATAG,,,
balbIGHV029,CAGGTCCAACTGCAGCAGTCTGGGGCTGAACTGGTGAAGCCTGGGGCTTCAGTGAAGTTGTCCTGCAAGGCTTCTGGCTACACCTTCACCAGCTACTATATGTACTGGGTGAAGCAGAGGCCTGGACAAGGCCTTGAGTGGATTGGAGAGATTAATCCTAGCAATGGTGGTACTAACTTCAATGAGAAGTTCAAGAGCAAGGCCACACTGACTGTAGACAAATCCTCCAGCACAGCATACATGCAACTCAGCAGCCTGACATCTGAGGACTCTGCGGTCTATTACTGTACAAGA,,,
balbIGHV030,CAGGTTACTCTGAAAGAGTCTGGCCCTGGGATATTGCAGCCCTCCCAGACCCTCAGTCTGACTTGTTCTTTCTCTGGGTTTTCACTGAGCACTTCTGGTATGGGTGTAGGCTGGATTCGTCAGCCTTCAGGAGAGGGTCTAGAGTGGCTGGCAGACATTTGGTGGGATGACAATAAGTACTATAACCCATCCCTGAAGAGCCGGCTCACAATCTCCAAGGATACCTCCAGCAACCAGGTATTCCTCAAGATCACCAGTGTGGACACTGCAGATACTGCCACTTACTACTGTGCTCGAAGAG,,,
balbIGHV032,CAGGTCCAGCTGCAGCAGTCTGGGCCTGAGCTGGTGAGGCCTGGGGTCTCAGTGAAGATTTCCTGCAAGGGTTCCGGCTACACATTCACTGATTATGCTATGCACTGGGTGAAGCAGAGTCATGCAAAGAGTCTAGAGTGGATTGGAGTTATTAGTACTTACTCTGGTAATACAAACTACAACCAGAAGTTTAAGGGCAAGGCCACAATGACTGTAGACAAATCCTCCAGCACAGCCTATATGGAACTTGCCAGATTGACATCTGAGGATTCTGCCATCTATTACTGTGCAAGA,,,
balbIGHV034,CAGGTTACTCTGAAAGAGTCTGGCCCTGGGATATTGCAGCCCTCCCAGACCCTCAGTCTGACTTGTTCTTTCTCTGGGTTTTCACTGAGCACTTCTGGTATGGGTGTAGGCTGGATTCGTCAGCCTTCAGGGAAGGGTCTGGAGTGGCTGGCACACATTTGGTGGGATGATGATAAGTACTATAACACAGCCCTGAAGAGCGGGCTCACAATCTCCAAGGATACCTCCAAAAACCAGGTCTTCCTCAAGATCGCCAGTGTGGACACTGCAGATACTGCCACATACTACTGTGCTCGAATAG,,,
balbIGHV036,CAGGTTACTCTGAAAGAGTCTGGCCCTGGGATATTGCAGCCATCACAGACGCTTAGCCTGGCCTGTACTTTCTCTGGGATTTCACTGAGTACTTCTGGTATGGGTTTGAGCTGGCTTCGTAAGCCCTCAGGGAAGGCTTTAGAGTGGCTGGCAAGCATTTGGAATAATGATAACTACTACAACCCATCTTTGAAGAGCCGGCTCACAATCTCCAAGGAGACCTCCAACAACCAAGTATTCCTTAAACTCACCAGTGTGGACACTGCAGATTCTGCCACATACTACTGTGCTTGGAGAGAG,,,
balbIGHV037,CAAGTTACTCTAAAAGAGTCTGGCCCTGGGATATTGAAGCCCTCACAGACCCTCAGTCTGACTTGTTCTTTCTCTGGGTTTTCACTGAGCACTTCTGGTATGGGTGTAGGCTGGATTCGTCAGCCTTCAGGGAAGGGTCTGGAGTGGCTGGCACACATTTGGTGGGATGATGATAAGTACTATAACCCATCCCTGAAGAGCCAGCTCACAATCTCCAAGGATACCTCCAGAAACCAGGTATTCCTCAAGATCACCAGTGTGGACACTGCAGATACTGCCACTTACTACTGTGCTCGAAGAG,,,
balbIGHV038,AAGGTCCAGCTGCAGCAGTCTGGAGCTGAGCTGGTGAAACCCGGGGCATCAGTGAAGCTGTCCTGCAAGGCTTCTGGCTACACCTTCACTGAGTATATTATACACTGGGTAAAGCAGAGGTCTGGACAGGGTCTTGAGTGGATTGGGTGGTTTTACCCTGGAAGTGGTAGTATAAAGTACAATGAGAAATTCAAGGACAAGGCCACATTGACTGCGGACAAATCCTCCAGCACAGTCTATATGGAGCTTAGTAGATTGACATCTGAAGACTCTGCGGTCTATTTCTGTGCAAGACACGAAGA,,,
balbIGHV039,GAGGTCCAGCTGCAACAGTCTGGACCTGAGCTGGTGAAGCCTGGAGCTTCAATGAAGATATCCTGCAAGGCTACTCATTCACTGGCTACACCATGAACTGGGTGAAGCAGAGCCATGGAAAGAACCTTGAGTGGATTGGACTTATTAATCCTTACAATGGTGGTACTAGCTACAACCAGAAGTTCAAGGGCAAGGCCACATTAACTGTAGACAAGTCATCCAGCACAGCCTACATGGAGCTCCTCAGTCTGACATCTGAGGACTCTGCAGTCTATTACTGT,,,
balbIGHV041,CAGGTTCAGCTCCAGCAGTCTGGGCCTGAGCTGGCAAGGCCTTGGGCTTCAGTGAAGATATCCTGCCAGGCTTTCTACACCTTTTCCAGAAGGGTGTACTTTGCCATTAGGGATACCAACTACTGGATGCAGTGGGTAAAACAGAGGCCTGGACAGGGTCTGGAATGGATCGGGGCTATTTATCCTGGAAATGGTGATACTAGTTACAATCAGAAGTTCAAGGGCAAGGCCACATTGACTGCAGACAAATCCTCCAGCACAGCCTACATGCAACTCAGCAGCCTGACATCTGAGGACTCTGCGGTCTATTACTGTGCATGA,,,
J558.6,GAGGTCCTGCTGCAACAGTCTGGACCTGAGCTGGTGAAGCCTGGGGCTTCAGTGAAGATACCCTGCAAGGCTTCTGGATACACATTCACTGACTACAACATGGACTGGGTGAAGCAGAGCCATGGAAAGAGCCTTGAGTGGATTGGAGATATTAATCCTAACAATGGTGGTACTATCTACAACCAGAAGTTCAAGGGCAAGGCCACATTGACTGTAGACAAGTCCTCCAGCACAGCCTACATGGAGCTCCGCAGCCTGACATCTGAGGACACTGCAGTCTATTACTGTGCAAGA,,,
J558.13,CAGGTCCAGCTGCAGCAGTCTGGAGCTGAGCTGGTAAGGCCTGGGACTTCAGTGAAGGTGTCCTGCAAGGCTTCTGGATACGCCTTCACTAATTACTTGATAGAGTGGGTAAAGCAGAGGCCTGGACAGGGCCTTGAGTGGATTGGAGTGATTAATCCTGGAAGTGGTGGTACTAACTACAATGAGAAGTTCAAGGGCAAGGCAACACTGACTGCAGACAAATCCTCCAGCACTGCCTACATGCAGCTCAGCAGCCTGACATCTGATGACTCTGCGGTTTATTTCTGTGCAAGC,,,
J558.18,CAGGTCCAGCTGCAGCAGTCTGGACCTGAGCTGGTGAAGCCTGGGGCCTCAGTGAAGATTTCCTGCAAAGCTTCTGGCTACGCATTCAGTAGCTCTTGGATGAACTGGGTGAAGCAGAGGCCTGGACAGGGTCTTGAGTGGATTGGACGGATTTATCCTGGAGATGGAGATACTAACTACAATGGGAAGTTCAAGGGCAAGGCCACACTGACTGCAGACAAATCCTCCAGCACAGCCTACATGCAGCTCAGCAGCCTGACCTCTGTGGACTCTGCGGTCTATTTCTGTGCAAGA,,,
J558.20,CAGGTCCAGCTGCAGCAGTCTGGAGATGATCTGGTAAAGCCTGGGGCCTCAGTGAAGCTGTCCTGCAAGGCTTCTGGCTACACCTTCACCAGCTACTGGATTAACTGGATAAAACAGAGGCCTGGACAGGGCCTTGAGTGGATAGGACGTATTGCTCCTGGAAGTGGTAGTACTTACTACAATGAAATGTTCAAGGGCAAGGCAACACTGACTGTAGACACATCCTCCAGCACAGCCTACATTCAGCTCAGCAGCCTGTCATCTGAGGACTCTGCTGTCTATTTCTGTGCAAGA,,,
J558.22,CAGGTTCAGCTGCAGCAGTCTGGACCTGAGCTGGTGAAGCCTGGGGCTTCAGTGAAGATGTCCTGCAAGGCTTCTGGATACACATTCACTGACTATGTTATAAGCTGGGTGAAGCAGAGAACTGGACAGGGCCTTGAGTGGATTGGAGAGATTTATCCTGGAAGTGGTAGTACTTACTACAATGAGAAGTTCAAGGGCAAGGCCACACTGACTGCAGACAAATCCTCCAACACAGCCTACATGCAGCTCAGCAGCCTGACATCTGAGGACTCTGCGGTCTATTTCTGTGCAAGA,,,
J558.27,CAGGTCCAGCTGCAGCAGTCTGGACCTGAGCTGGTGAAGCCTGGGGCTTCAGTGAAGATGTCCTGCAAGGCTTCTGGCTACACCTTCACAAGCTACTATATACACTGGGTGAAGCAGAGGCCTGGACAGGGACTTGAGTGGATTGGATGGATTTATCCTGGAGATGGTAGTACTAAGTACAATGAGAAGTTCAAGGGCAAGACCACACTGACTGCAGACAAATCCTCCAGCACAGCCTACATGTTGCTCAGCAGCCTGACCTCTGAGGACTCTGCGATCTATTTCTGTGCAAGA,,,
J558.29,CAGGTCCAGCTGCAGCAGTCTGGACCTGAGCTGGTGAAGCCTGGGGCTTCAGTGAGGATATCCTGCAAGGCTTCTGGCTACACCTTCACAAGCTACTATATACACTGGGTGAAGCAGAGGCCTGGACAGGGACTTGAGTGGATTGGATGGATTTATCCTGGAAATGTTAATACTAAGTACAATGAGAAGTTCAAGGGCAAGGCCACACTGACTGCAGACAAATCCTCCAGCACAGCCTACATGCAGCTCAGCAGCCTGACCTCTGAGGACTCTGCGGTCTATTTCTGTGCAAGA,,,
J558.32,CAGGTTCAGCTGCAGCAGTCTGGAGCTGAACTGGTAAAGCCTGGGGCTTCAGTGAAGTTGTCCTGCAAGGCTTCTGGCTACACCTTCACAAGCTATGATATAAACTGGGTGAGGCAGAGGCCTGAACAGGGACTTGAGTGGATTGGATGGATTTTTCCTGGAGATGGTAGTACTAAGTACAATGAGAAGTTCAAGGGCAAGGCCACACTGACTACAGACAAATCCTCCAGCACAGCCTACATGCAGCTCAGCAGGCTGACATCTGAGGACTCTGCTGTCTATTTCTGTGCAAGA,,,
J558.34,CAGGTCCAACTGCAGCAGCCTGGGGCTGAGCTGGTGAGGCCTGGGGTTTCAGTGAAGCTGTCCTGCAAGGCTTCTGGCTACACATTCACCAGCTACTGGATGCACTGGATTAAGCAGAGGCCTGAGCAAGGCCTTGAGAGGATTGGAGAGATTAATCCTAGCAATGGTGGTACTAACTACAATGAGAAGTTCAAGAGCAAGGCCACACTGACTGTAGACAAATCCTCCAGCACAGCCTACATGCAACTCAGCAGCCTGACATCTGAGGACTCTGCGGTCTATTACTGTGCAAGA,,,
J558.36,CCGGTCCAACTGCAGCAGCCTGGGGCTGAGCTTGTGAAGCCTGGGGCTTCAGTAAAGCTGTCCTGCAAGGCTTCTGGCTACACCTTCACCAGCTACTGGATGCACTGGGTGAAGCAGAGGCCTGGACGAGGCCTTGAGTGGATTGGAAGGATTGATCCTAATAGTGGTGGTACTAAGTACAATGAGAAGTTCAAGAGCAAGGCCACACTGACTGTAGACAAACCCTCCAGCACAGCCTACATGCAGCTCAGCAGCCTGACATCTGAGGACTCTGCGGTCTATTACTGTACAAGA,,,
J558.44,CAGGTCCAGCTGCAGCAGTCTGGGGCTGAACTGGCAAGACCTGGGGCCTCAGTGAAGATGTCCTGCAAGGCTTCTGGCTACACCTTTACTAGCTACACGATGCACTGGGTAAAACAGAGGCCTGGACAGGGTCTGGAATGGATTGGATACATTAATCCTAGCAGTGGTTATACTAATTACAATCAGAAGTTCAAGGACAAGGCCACATTGACTGCAGACAAATCCTCCAGCACAGCCTACATGCAACTGAGCAGCCTGACATCTGAGGACTCTGCAGTCTATTACTGTGCAAGA,,,
J558.52,CAGGTTCAGCTGCAGCAGTCTGGGGCTGAGCTGGTGAAGCCTGGGGCCTCAGTGAAGATGTCCTGCAAGGCTTTTGGCTACACCTTCACTACCTATCCAATAGAGTGGATGAAGCAGAATCATGGGAAGAGCCTAGAGTGGATTGGAAATTTTCATCCTTACAATGATGATACTAAGTACAATGAAAAATTCAAGGGCAAGGCCAAATTGACTGTAGAAAAATCCTCTAGCACAGTCTACTTGGAGCTCAGCCGATTAACATCTGATGACTCTGCTGTTTATTACTGTGCAAGG,,,
musIGHV014,CAGGTCCAGTTGCAGCAGTCTGGAGCTGAGCTGGTAAGGCCTGGGACTTCAGTGAAGATATCCTGCAAGGCTTCTGGCTACACCTTCACTAACTACTGGCTAGGTTGGGTAAAGCAGAGGCCTGGACATGGACTTGAGTGGATTGGAGATATTTACCCTGGAGGTGGTTATACTAACTACAATGAGAAGTTCAAGGGCAAGGCCACACTGACTGCAGACACATCCTCCAGCACTGCCTACATGCAGCTCAGTAGCCTGACATCTGAGGACTCTGCTGTCTATTTCTGTGCAAGA,,,
musIGHV021,CAGGTTCAGCTCCAGCAGTCTGGGGCTGAGCTGGCAAGACCTGGGGCTTCAGTGAAGTTGTCCTGCAAGGCTTCTGGCTACACCTTTACTAGCTACTGGATGCAGTGGGTAAAACAGAGGCCTGGACAGGGTCTGGAATGGATTGGGGCTATTTATCCTGGAGATGGTGATACTAGGTACACTCAGAAGTTCAAGGGCAAGGCCACATTGACTGCAGATAAATCCTCCAGCACAGCCTACATGCAACTCAGCAGCTTGGCATCTGAGGACTCTGCGGTCTATTACTGTGCAAGA,,,
musIGHV023,GAGGTCCAGCTGCAGCAGTCTGGACCTGAGCTGGTAAAGCCTGGGGCTTCAGTGAAGATGTCCTGCAAGGCTTCTGGATACACATTCACTAGCTATGTTATGCACTGGGTGAAGCAGAAGCCTGGGCAGGGCCTTGAGTGGATTGGATATATTAATCCTTACAATGATGGTACTAAGTACAATGAGAAGTTCAAAGGCAAGGCCACACTGACTTCAGACAAATCCTCCAGCACAGCCTACATGGAGCTCAGCAGCCTGACCTCTGAGGACTCTGCGGTCTATTACTGTGCAAGA,,,
musIGHV042,CAGGTCCAGCTGCAGCAGTCTGGGGCTGAGCTGGTGAGGCCTGGGGCCTCAGTGAAGATTTCCTGCAAGGCTTTTGGCTACACCTTCACAAACCATCATATAAACTGGGTGAAGCAGAGGCCTGGACAGGGCCTGGACTGGATTGGATATATTAATCCTTATAATGATTATACTAGCTACAACCAGAAGTTCAAGGGCAAGGCCACATTGACTGTAGACAAATCCTCCAGCACAGCCTATATGGAGCTTAGCAGCCTGACATCTGAGGACTCTGCAGTCTATTACTGTGCAAGA,,,
musIGHV386,CAGGTTCAGCTGCAGCAGTCTGGAGCTGAGCTGATGAAGCCTGGGGCCTCAGTGAAGATATCCTGCAAGGCTACTGGCTACACATTCAGTAGCTACTGGATAGAGTGGGTAAAGCAGAGGCCTGGACATGGCCTTGAGTGGATTGGAGAGATTTTACCTGGAAGTGGTAGTACTAACTACAATGAGAAGTTCAAGGGCAAGGCCACATTCACTGCAGATACATCCTCCAACACAGCCTACATGCAACTCAGCAGCCTGACATCTGAGGACTCTGCCGTCTATTACTGTGCAAGA,,,
musIGHV394,GAGGTCCAGCTGCAACAATCTGGACCTGAGCTGGTGAAGCCTGGGGCTTCAGTGAAGATGTCCTGTAAGGCTTCTGGATACACATTCACTGACTACTACATGAAGTGGGTGAAGCAGAGTCATGGAAAGAGCCTTGAGTGGATTGGAGATATTAATCCTAACAATGGTGGTACTAGCTACAACCAGAAGTTCAAGGGCAAGGCCACATTGACTGTAGACAAATCCTCCAGCACAGCCTACATGCAGCTCAACAGCCTGACATCTGAGGACTCTGCAGTCTATTACTGTGCAAGA,,,
musIGHV396,GAGGTCCAGCTGCAGCAGTCTGGACCTGAGCTGGAGAAGCCTGGCGCTTCAGTGAAGATATCCTGCAAGGCTTCTGGTTACTCATTCACTGGCTACAACATGAACTGGGTGAAGCAGAGCAATGGAAAGAGCCTTGAGTGGATTGGAAATATTGATCCTTACTATGGTGGTACTAGCTACAACCAGAAGTTCAAGGGCAAGGCCACATTGACTGTAGACAAATCCTCCAGCACAGCCTACATGCAGCTCAAGAGCCTGACATCTGAGGACTCTGCAGTCTATTACTGTGCAAGA,,,
musIGHV398,GAGGTCCAGCTGCAACAGTCTGGACCTGAGCTGGTGAAGCCTGGAGCTTCAATGAAGATATCCTGCAAGGCTTCTGGTTACTCATTCACTGGCTACACCATGAACTGGGTGAAGCAGAGCCATGGAAAGAACCTTGAGTGGATTGGACTTATTAATCCTTACAATGGTGGTACTAGCTACAACCAGAAGTTCAAGGGCAAGGCCACATTAACTGTAGACAAGTCATCCAGCACAGCCTACATGGAGCTCCTCAGTCTGACATCTGAGGACTCTGCAGTCTATTACTGT,,,
musIGHV433,CAGGTTACTCTGAAAGAGTCTGGCCCTGGGATATTGCAGCCCTCCCAGACCCTCAGTCTGACTTGTTCTTTCTCTGGGTTTTCACTGAGCACTTATGGTATAGGAGTAGGCTGGATTCGTCAGCCTTCAGGGAAGGGTCTGGAGTGGCTGGCACACATTTGGTGGAATGATAATAAGTACTATAACACAGCCCTGAAGAGCCGGCTCACAATCTCCAAGGATACCTCCAACAACCAGGTATTCCTCAAGATCGCCAGTGTGGACACTGCAGATACTGCCACATACTACTGTGCTCGAATAG,,,
musIGHV480,GAGGTCCAGCTGCAACAGTCTGGACCTGAGCTGGTGAAGCCTGGGGCTTCAGTGAAGATATCCTGCAAGGCTTCTGGTTACTCATTCACTGGCTACTACATGCACTGGGTGAAGCAAAGCCATGTAAAGAGCCTTGAGTGGATTGGACGTATTAATCCTTACAATGGTGCTACTAGCTACAACCAGAATTTCAAGGACAAGGCCAGCTTGACTGTAGATAAGTCCTCCAGCACAGCCTACATGGAGCTCCACAGCCTGACATCTGAGGACTCTGCAGTCTATTACTGTGCAAGA,,,
musIGHV483,CAGGTCCAACTGCAGCAGTCTGGGCCTGAGCTGGTGAGGCCTGGGGCTTCAGTGAAGATGTCCTGCAAGGCTTCAGGCTATACCTTCACCAGCTACTGGATGCACTGGGTGAAACAGAGGCCTGGACAAGGCCTTGAGTGGATTGGCATGATTGATCCTTCCAATAGTGAAACTAGGTTAAATCAGAAGTTCAAGGACAAGGCCACATTGAATGTAGACAAATCCTCCAACACAGCCTACATGCAGCTCAGCAGCCTGACATCTGAGGACTCTGCAGTCTATTACTGTGCAAGA,,,
musIGHV528,GAGGTCCAGCTGCAACAGTCTGGACCTGAGCTGGTGAAGCCTGGGGCTTCAGTGAAGATGTCCTGCAAGGCTTCTGGATACACCTTCACTGACTACTACATGAAGTGGGTGAAGCAGAGCCATGGAAAGAGCCTTGAGTGGATTGGAGATATTAATCCTAACAATGGTGATACTTTCTACAACCAGAAGTTCAAGGGCAAGGCCACATTGACTGTAGACAAATCCTCCAGCACAGCCTACATGCAGCTCAACAGCCTGACATCTGAGGACTCTGCAGTCTATTACTGTGCAAGA,,,
musIGHV532,CAGGTCCAGCTTCAGCAGTCTGGGGCTGAACTGGCAAAACCTGGGGCCTCAGTGAAGATGTCCTGCAAGGCTTCTGGCTACACCTTTACTAGCTACTGGATGCACTGGGTAAAACAGAGGCCTGGACAGGGTCTGGAATGGATTGGATACATTAATCCTAGCACTGGTTATACTGAGTACAATCAGAAGTTCAAGGACAAGGCCACATTGACTGCAGACAAATCCTCCAGCACAGCCTACATGCAACTGAGCAGCCTGACATCTGAGGACTCTGCAGTCTATTACTGTGCAAGA,,,
musIGHV555,CACGTCCAGCTGCAGCAATCTGGACCTGAGCTGGTGAGGCCTGGGGCTTCAGTGAAGCTGTCCTGCAAGGCTTCTGGCTATATCTTCATCACCTACTGGATGAACTGGGTGAAGCAGAGGCCTGGACAGGGCCTTGAGTGGATTGGACAGATTTTTCCTGCAAGTGGTAGTACTAACTACAATGAGATGTTCGAGGGCAAGGCCACATTGACTGTAGACACATCCTCCAGCACAGCCTACATGCAGCTCAGCAGCCTGACATCTGAGGACTCTGCGGTCTATTACTGTGCAAGA,,,
musIGHV559,CAGGTTCAGCTGCAGCAGTCTGGGGCTGAGCTGGTGAGGCCTGGGTCCTCAGTGAAGATTTCCTGCAAGGCTTCTGGCTATGCATTCAGTAGCTACTGGATGAACTGGGTGAAGCAGAGGCCTGGACAGGGTCTTGAGTGGATTGGACAGATTTATCCTGGAGATGGTGATACTAACTACAATGGAAAGTTCAAGGGTAAAGCCACACTGACTGCAGACAAATCCTCCAGCACAGCCTACATGCAGCTCAGCAGCCTAACATCTGAGGACTCTGCGGTCTATTTCTGTGCAAGA,,,
musIGHV560,CAGGTCCAGCTGCAGCAGTCTGGGGCTGAGCTGGTGAGGCCTGGGGTCTCAGTGAAGATTTCCTGCAAGGGTTCTGGCTACACATTCACTGATTATGCTATGCACTGGGTGAAGCAGAGTCATGCAAAGAGTCTAGAGTGGATTGGAGTTATTAGTACTTACTATGGTGATGCTAGCTACAACCAGAAGTTCAAGGGCAAGGCCACAATGACTGTAGACAAATCCTCCAGCACAGCCTATATGGAACTTGCCAGACTGACATCTGAGGATTCTGCCATCTATTACTGTGCAAAA,,,
musIGHV577,CAGGTCCAACTGCAGCAGCCTGGGGCTGAACTGGTGAAGCCTGGGACTTCAGTGAAAATGTCCTGCAAGGCTTCTGGCTACACCTTCACCAGCTACTGGATGCACTGGGTGAAGCAGAGGCCGGGACAAGGCCTTGAGTGGATTGGAGATATTTATCCTGGTAGTGATAGTACTAACTACAATGAGAAGTTCAAGAGCAAGGCCACACTGACTGTAGACACATCCTCCAGCACAGCCTACATGCAACTCAGCAGCCTGACATCTGAGGACTCTGCGGTCTATTACTGTGCAAGA,,,
musIGHV578,CAGGTGCAACTGCAGCAGTCTGGGCCTCAGCTGGTTAGGCCTGGGGCTTCAGTGAAGATATCCTGCAAGGCTTCTGGTTACTCATTCACCAGCTACTGGATGCACTGGGTGAAGCAGAGGCCTGGACAAGGTCTTGAGTGGATTGGCATGATTGATCCTTCCGATAGTGAAACTAGGTTAAATCAGAAGTTCAAGGACAAGGCCACATTGACTGTAGACAAATCCTCCAGCACAGCCTACATGCAACTCAGCAGCCCGACATCTGAGGACTCTGCGGTCTATTACTGTGCAAGA,,,
musIGHV585,CAGGTCCAACTGCAGCAGCCTGGGGCTGAACTGGTGAAGCCTGGGGCTTCAGTGAAGCTGTCCTGCAAGGCTTCTGGCTACACCTTCACCAGCTACTGGATGCACTGGGTGAAGCAGAGGCCTGGACAAGGCCTTGAGTGGATTGGAGAGATTAATCCTAGCAACGGTCGTACTAACTACAATGAGAAGTTCAAGAGCAAGGCCACACTGACTGTAGACAAATCCTCCAGCACAGCCTACATGCAACTCAGCAGCCTGACATCTGAGGACTCTGCGGTCTATTACTGTGCAAGA,,,
musIGHV588,CAGGTCCAACTGCAGCAGCCTGGGGCTGAGCTGGTGAGGCCTGGGGCTTCAGTGAAGCTGTCCTGCAAGGCTTCTGGCTACACCTTCACCAGCTACTGGATGAACTGGGTGAAGCAGAGGCCTGGACAAGGCCTTGAATGGATTGGTATGATTGATCCTTCAGACAGTGAAACTCACTACAATCAAATGTTCAAGGACAAGGCCACATTGACTGTAGACAAATCCTCCAGCACAGCCTACATGCAGCTCAGCAGCCTGACATCTGAGGACTCTGCGGTCTATTACTGTGCAAGA,,,
musIGHV591,CAGGCTTATCTACAGCAGTCTGGGGCTGAGCTGGTGAGGTCTGGGGCCTCAGTGAAGATGTCCTGCAAGGCTTCTGGCTACACATTTACCAGTTACAATATGCACTGGGTAAAGCAGACACCTGGACAGGGCCTGGAATGGATTGGATATATTTATCCTGGAAATGGTGGTACTAACTACAATCAGAAGTTCAAGGGCAAGGCCACATTGACTGCAGACACATCCTCCAGCACAGCCTACATGCAGATCAGCAGCCTGACATCTGAAGACTCTGCGGTCTATTTCTGTGCAAGA,,,
musIGHV592,CAGGTCCAGCTGAAGCAGTCTGGAGCTGAGCTGGTGAGGCCTGGGGCTTCAGTGAAGCTGTCCTGCAAGACTTCTGGATACATCTTCACCAGCTACTGGATTCACTGGGTAAAACAGAGGTCTGGACAGGGCCTTGAGTGGATTGCAAGGATTTATCCTGGAACTGGTAGTACTTACTACAATGAGAAGTTCAAGGGCAAGGCCACACTGACTGCAGACAAATCCTCCAGCACTGCCTACATGCAGCTCAGCAGCCTGAAATCTGAGGACTCTGCTGTCTATTTCTGTGCAAGA,,,
musIGHV612,CAGGGTCAGATGCAGCAGTCTGGAGCTGAGCTGGTGAAGCCTGGGGCTTCAGTGAAGCTGTCCTGCAAGACTTCTGGCTTCACCTTCAGCAGTAGCTATATAAGTTGGTTGAAGCAAAAGCCTGGACAGAGTCTTGAGTGGATTGCATGGATTTATGCTGGAACTGGTGGTACTAGCTATAATCAGAAGTTCACAGGCAAGGCCCAACTGACTGTAGACACATCCTCCAGCACAGCCTACATGCAATTCAGCAGCCTGACAACTGAGGACTCTGCCATCTATTACTGTGCAAGA,,,
musIGHV616,CAGGTTACTCTGAAAGAGTCTGGCCCTGGGATATTGCAGCCCTCCCAGACCCTCAGTCTGACTTGTTCTTTCTCTGGGTTTTCACTGAGCACTTCTAATATGGGTGTAGGCTGGATTCGTCAGCCTTCAGGGAAGGGTCTGGAGTGGCTGTTACACATTTTGTGGAATGATAGTAAGTACTATAACCCAGCCCTGAAGAGCCGGCTCACAATCTCCAAGGATACCTACAACAACCAGGTATTCCTCAAGATCGCCAATGTGGACACTGCAGATACTGCCACATACTACTGTGCTCGAATAG,,,
musIGHV629,CAGGTTACTCTGAAAGAGTCTGGCCCTGGGATATTGCAGCCCTCCCAGACCCTCAGTCTGACTTGTTCTTTCTCTGGGTTTTCACTGAGCACTTCTGGTATGGGTGTGAGCTGGATTCGTCAGCCTTCAGGAAAGGGTCTGGAGTGGCTGGCACACATTTACTGGGATGATGACAAGCGCTATAACCCATCCCTGAAGAGCCGGCTCACAATCTCCAAGGATACCTCCAGCAACCAGGTATTCCTCAAGATCACCAGTGTGGACACTGCAGATACTGCCACATACTACTGTGCTCGAAGAG,,,
musIGHV655,CAGGTCCAACTGCAGCAGCCTGGGGCTGAGCTGGTGAGGCCTGGGGCTTCAGTGAAGCTGTCCTGCAAGGCTTCTGGCTACACCTTCACCAGCTACTGGATAAACTGGGTGAAGCAGAGGCCTGGACAAGGCCTTGAGTGGATCGGAAATATTTATCCTTCTGATAGTTATACTAACTACAATCAAAAGTTCAAGGACAAGGCCACATTGACTGTAGACAAATCCTCCAGCACAGCCTACATGCAGCTCAGCAGCCCGACATCTGAGGACTCTGCGGTCTATTACTGTACAAGA,,,
musIGHV657,CAGGTCCAGCTGCAGCAGTCTGGAGCTGAGCTGGTAAGGCCTGGGACTTCAGTGAAGGTGTCCTGCAAGGCTTCTGGATACGCCTTCACTAATTACTTGATAGAGTGGGTAAAGCAGAGGCCTGGACAGGGCCTTGAGTGGATTGGAGTGATTAATCCTGGAAGTGGTGGTACTAACTACAATGAGAAGTTCAAGGGCAAGGCAACACTGACTGCAGACAAATCCTCCAGCACTGCCTACATGCAGCTCAGCAGCCTGACATCTGATGACTCTGCGGTCTATTTCTGTGCAAGA,,,
musIGHV667,CAGATTACTCTGAAAGAGTCTGGCCCTGGGATAGTGCAGCCATCCCAGCCCTTCAGACTTACTTGCACTTTCTCTGGGTTTTCACTGAGCACTTCTGGTATAGGTGTAACCTGGATTCGTCAGCCCTCAGGGAAAGGTCTGGAGTGGCTGGCAACGATTTGGTGGGATGATGATAACCGCTACAACCCATCTCTAAAGAGCAGGCTCACAGTCTCCAAAGACACCTCCAACAACCAAGCATTCCTGAATATCATCACTGTGGAAACTGCAGATACTGCCATATACTACTGTGCTCAGAG,,,
musIGHV668,CAGGTCCAGCTGCAGCAGTCTGGGCCTGAGCTGGTGAGGCCTGGGGTCTCAGTGAAGATTTCCTGCAAGGGTTCCGGCTACACATTCACTGATTATGCTATGCACTGGGTGAAGCAGAGTCATGCAAAGAGTCTAGAGTGGATTGGAGTTATTAGTACTTACTATGGTAATACAAACTACAACCAGAAGTTTAAGGGCAAGGCCACAATGACTGTAGACAAATCCTCCAGCACAGCCTATATGGAACTTGCCAGATTGACATCTGAGGATTCTGCCATCTATTACTGTGCAAGA,,,
musIGHV671,GAGGTTCAGCTCCAGCAGTCTGGGACTGTGCTGGCAAGGCCTGGGGCTTCAGTGAAGATGTCCTGCAAGGCTTCTGGCTACACCTTTACCAGCTACTGGATGCACTGGGTAAAACAGAGGCCTGGACAGGGTCTGGAATGGATTGGCGCTATTTATCCTGGAAATAGTGATACTAGCTACAACCAGAAGTTCAAGGGCAAGGCCAAACTGACTGCAGTCACATCCACCAGCACTGCCTACATGGAGCTCAGCAGCCTGACAAATGAGGACTCTGCGGTCTATTACTGTACAAGA,,,
musIGHV672,CAGGTTATTCTGAAAGAGTCTGGCCCTGGAATATTGCAGCCCTCTCAGACCCTCAGTCTGACTTGTTCTTTCTCTGGGTTTTCACTTAGCACTTATGGTACAGCTGTGAACTGGATTCGTCAGCCTTCAGGAAAGGGTCTGGAGTGGTTGGCACAAATTGGGTCAGATGATAGCAAGCTCTATAACCCATTTCTGAAAAGCCGAATCACAATCTCCAAGGATACCTCCAACAGCCAGGTATTCCTCAAGATCACTAGTGTGGACACTGAAGATTCTGCCACATACTACTGTGCTAACAGA,,,
musIGHV692,GAGGTCCAGCTGCAGCAGTCTGGACCTGAGCTGGTGAATCCAGTGGCTTCAGTGAAGATATCCTGCAAGGCTTCTGGTTACTCATTCACTGGCTACTACATACACTGGGTGAAGCAGGGTCCTAGAAAGAGCCTTGAGTGGATTGGATATATTAGTTGTTACAATCGTGCTACTAGCTACAACCAGAAGTTCAAAGGCAAGGCCATATTTACTGTAGACAAATCCTCCAGCACAGCCTACATGCAATTCAACAGCCTGACATCTGAGGACTCTGCTGTCTATTACTGTGCAAGA,,,
musIGHV702,CAGGTCCAACTGCAGCAACCTGGGTCTGAGCTGGTGAGGCCTGGAGCTTCAGTGAAGCTGTCCTGCAAGGCTTCTGGCTACACATTCACCAGCTACTGGATGCACTGGGTGAAGCAGAGGCCTGGACAAGGCCTTGAGTGGATTGGAAATATTTATCCTGGTAGTGGTAGTACTAACTACGATGAGAAGTTCAAGAGCAAGGCCACACTGACTGTAGACACATCCTCCAGCACAGCCTACATGCAGCTCAGCAGCCTGACATCTGAGGACTCTGCGGTCTATTACTGTACAAGA,,,
musIGHV707,CAGGTCCAACTGCAGCAGCCTGGGGCTGAGCTTGTGATGCCTGGGGCTTCAGTGAAGATGTCCTGCAAGGCTTCTGGCTACACATTCACTGACTACTGGATGCACTGGGTGAAGCAGAGGCCTGGACAAGGCCTTGAGTGGATCGGAGCGATTGATACTTCTGATAGTTATACTAGCTACAATCAAAAGTTCAAGGGCAAGGCCACATTGACTGTAGACGAATCCTCCAGCACAGCCTACATGCAGCTCAGCAGCCTGACATCTGAGGACTCTGCGGTCTATTACTGTGCAAGA,,,
musIGHV710,CAGGTCCAACTGCAGCAGCCTGGGTCTGTGCTGGTGAGGCCTGGAGCTTCAGTGAAGCTGTCCTGCAAGGCTTCTGGCTACACCTTCACCAGCTCCTGGATGCACTGGGCGAAGCAGAGGCCTGGACAAGGCCTTGAGTGGATTGGAGAGATTCATCCTAATAGTGGTAATACTAACTACAATGAGAAGTTCAAGGGCAAGGCCACACTGACTGTAGACACATCCTCCAGCACAGCCTACGTGGATCTCAGCAGCCTGACATCTGAGGACTCTGCGGTCTATTACTGTGCAAGA,,,
IGHV1-4*02,CAGGTCCAGCTGCAGCAGTCTGCAGCTGAACTGGCAAGACCTGGGGCCTCAGTGAAGATGTCCTGCAAGGCTTCTGGCTACACCTTTACTAGCTACACGATGCACTGGGTAAAACAGAGGCCTGGACAGGGTCTGGAATGGATTGGATACATTAATCCTAGCAGTGGATATACTGAGTACAATCAGAAGTTCAAGGACAAGACCACATTGACTGCAGACAAATCCTCCAGCACAGCCTACATGCAACTGAGCAGCCTGACATCTGAGGACTCTGCGGTCTATTACTGTGCAAGA,,,
IGHV1-20*02,GAGGTTCAGCTGCAGCAGTCTGGACCTGAGCTGGTGAAGCCTGGGGCTTCAGTGAAGATATCCTGCAAGGCTTCTGGTTACTCATTTACTGGCTACTTTATGAACTGGGTGATGCAGAGCCATGGAAAGAGCCTTGAGTGGATTGGACGTATTAATCCTTACAATGGTGATACTTTCTACAACCAGAAGTTCAAGGGCAAGGCCACATTGACTGTAGACAAATCCTCTAGCACAGCCCACATGGAGCTCCGGAGCCTGGCATCTGAGGACTCTGCAGTCTATTATTGTGCAAGA,,,
IGHV1-54*03,CAGGTCCAGTTGCAGCAGTCTGGAGCTGAGCTGGTAAGGCCTGGGACTTCAGTGAAGGTGTCCTGCAAGGCTTCTGGATACGCCTTCACTAATTACTTGATAGAGTGGGTAAAGCAGAGGCCTGGACAGGGCCTTGAGTGGATTGGGGTGATTAATCCTGGAAGTGGTGGTACTAACTACAATGAGAAGTTCAAGGGCAAGGCAACACTGACTGCAGACAAATCCTCCAGCACTGCCTACATGCAGCTCAGCAGCCTGACATCTGATGACTCTGCGGTCTATTTCTGTGCAAGA,,,
IGHV1-63*02,CAGGTCCAGCTGCAGCAGTCTGGAGCTGAGCTGGTAAGGCCTGGGACTTCAGTGAAGATGTCCTGCAAGGCTGCTGGATACACCTTCACTAACTACTGGATAGGTTGGGTAAAGCAGAGGCCTGGACATGGCCTTGAGTGGATTGGAGATATTTACCCTGGAGGTGGTTATACTAACTACAATGAGAAGTTCAAGGGCAAGGCCACACTGACTGCAGACACATCCTCCAGCACAGCCTACATGCAGCTCAGCAGCCTGACATCTGAGGACTCTGCCATCTATTACTGTGCAAGA,,,
IGHV1-69*02,CAGGTCCAACTGCAGCAGCCTGGGGCTGAGCTTGTGAAGCCTGGGGCTTCAGTGAAGCTGTCCTGCAAGGCTTCTGGCTACACCTTCACCAGCTACTGGATGCACTGGGTGAAGCAGAGGCCTGGACAAGGCCTTGAGTGGATCGGAGAGATTGATCCTTCTGATAGTTATACTAACTACAATCAAAAGTTCAAGGGCAAGGCCACATTGACTGTAGACAAATCCTCCAGCACAGCCTACATGCAGCTCAGCAGCCTGACATCTGAGGACTCTGCGGTCTATTACTGTGCAAGA,,,
IGHV1-84*02,CAGATCCAGCTGCAGCAGTCTGGACCTGAGCTGGTGAAGCCTGGGGCTTCAGTGAAGATATCCTGCAAGGCTTCTGGCTACACCTTCACTGACTACTATATAAACTGGGTGAAGCAGAAGCCTGGACAGGGACTTGAGTGGATTGGATGGATTTATCCTGGAAGCGGTAATACTAAGTACAATGAGAAGTTCAAGGGCAAGGCCACATTGACTGTAGACACATCCTCCAGCACAGCCTACATGCAGCTCAGCAGCCTGACATCTGAGGACACTGCTGTCTATTTCTGTGCAAGA,,,
IGHV1S10*01,CAGGTCCAGCTGCAGCAGTCTGGACCTGAGCTGGTGAGGCCTGGGACTTCAGTGAAGATATCCTGCAAGGCTTCTGGCTATACCTTCCTCACCTACTGGATGAACTGGGTGAAGTAGATGCCTGGACAGGGCCTTGAGTGGATTGGACAGATTTTTCCTGCAAGTGGTAGTACTAACTACAATGAGATGTTCAAGGGCAAGGCCACATTGACTGTAGACACATCCTCCAGCACAGCCTACATGCAGCTAAGCAGCCTGACATCTGAGGACTCTGCGGTCTATTTCTGTGCAAGA,,,
IGHV1S12*01,CAGGTCCAGCTGCAGCAATCTGGACCTGAGCTGGTGAAGCCTGGGGCTTCAGTGAAGATATCCTGCAAGGCTTCTGGCTATACCTTCACAAGCTACTATATACACTGGGTGAAGCAGAGGCCTGGACAGGGCCTTGAGTGGATTGGATATATTTATCCTAGAGATGGTAGTACTAATTACAATGAGAAGTTCAAGGGCAAGGCCACACTGACTGCAGACACATCCTCCAGCACAGCCTACATGCAGCTCAGCAGCCTGACATCTGAGGACTCTGCAGTCTATTTCTGTGCAAGA,,,
IGHV1S22*01,CAGGTCCAACTGCAGCAACCTGGGTCTGAGCTGGTGAGGCCTGGAGCTTCAGTGAAGCTGTCCTGCAAGGCTTCTGGCTACACATTCACCAGCTACTGGATGCACTGGGTGAAGCAGAGGCATGGACAAGGCCTTGAGTGGATTGGAAATATTTATCCTGGTAGTGGTAGTACTAACTACGATGAGAAGTTCAAGAGCAAGGGCACACTGACTGTAGACACATCCTCCAGCACAGCCTACATGCACCTCAGCAGCCTGACATCTGAGGACTCTGCGGTCTATTACTGTACAAGA,,,
IGHV1S33*01,CAGGTTCAGCTGCAGCAGTCTGGACCTGAGCTGGTGAAGCCTGGGGCTTTAGTGAAGATATCCTGCAAGGCTTCTGGTTACACCTTCACAAGCTACGATATAAACTGGGTGAAGCAGAGGCCTGGACAGGGACTTGAGTGGATTGGATGGATTTATCCTGGAGATGGTAGTACTAAGTACAATGAGAAATTCAAGGGCAAGGCCACACTGACTGCAGACAAATCCTCCAGCACAGCCTACATGCAGCTCAGCAGCCTGACTTCTGAGAACTCTGCAGTCTATTTCTGTGCAAGA,,,
IGHV1S34*01,GAGGTCCAGCTGCAGCAGTCTGGACCTGAGCTAGTGAAGACTGGGGCTTCAGTGAAGATATCCTGCAAGGCTTCTGGTTACTCATTCACTGGTTACTACATGCACTGGGTCAAGCAGAGCCATGGAAAGAGCCTTGAGTGGATTGGATATATTAGTTGTTACAATGGTGCTACTAGCTACAACCAGAAGTTCAAGGGCAAGGCCACATTTACTGTAGACACATCCTCCAGCACAGCCTACATGCAGTTCAACAGCCTGACATCTGAAGACTCTGCGGTCTATTACTGTGCAAGA,,,
IGHV1S53*02,CAGGTTCAGCTGCAGCAGTCTGACGCTGAGTTGGTGAAACCTGGGGCTTCAGTGAAGATATCCTGCAAGGCTTCTGGCTACACCTTCACTGACCATGCTATTCACTGGGTGAAGCAGAAGCCTGAACAGGGCCTGGAATGGATTGGATATATTTCTCCCGGAAATGGTGATATTAAGTACAATGAGAAGTTCAAGGGCAAGGCCACACTGACTGCAGACAAATCCTCCAGCACTGCCTACATGCAGCTCAACAGCCTGACATCTGAGGATTCTGCAGTGTATTTCTGTAAAAGA,,,
IGHV1S68*02,CAGGTCCAACTGCAGCAGCCTGGGGCTGAGCTTGTGAAGCCTGGGACTTCAGTGAAGCTGTCCTGCAAGGCTTCTGGCTACAACTTCACCAGCTACTGGATAAACTGGGTGAAGCTGAGGCCTGGACAAGGCCTTGAGTGGATTGGAGATATTTATCCTGGTAGTGGTAGTACTAACTACAATGAGAAGTTCAAGAGCAAGGCCACACTGACTGTAGACACATCCTCCAGCACAGCCTACATGCAACTCAGCAGCCTGGCATCTGAGGACTCTGCTCTCTATTACTGTGCAAGA,,,
IGHV1S72*01,CAGGTCCAACTGCAGCAGCCTGGGGCTGAGCTTGTGAAGCCTGGGGCTCCAGTGAAGCTGTCCTGCAAGGCTTCTGGCTACACCTTCACCAGCTACTGGATGAACTGGGTGAAGCAGAGGCCTGGACGAGGCCTCGAGTGGATTGGAAGGATTGATCCTTCCGATAGTGAAACTCACTACAATCAAAAGTTCAAGGACAAGGCCACACTGACTGTAGACAAATCCTCCAGCACAGCCTACATCCAACTCAGCAGCCTGACATCTGAGGACTCTGCGGTCTATTACTGTGCAAGA,,,
IGHV1S82*01,CAGGTCCAACTGCAGCAGCCTGGGGCTGAGCTGGTGAGGCCTGGAGCTTCAGTGAAGCTGTCCTGCAAGGCTTCTGGCTACTCCTTCACCAGCTACTGGATGAACTGGGTGAAGCAGAGGCCTGGACAAGGCCTTGAGTGGATTGGCATGATTCATCCTTCCGATAGTGAAACTAGGTTAAATCAGAAGTTCAAGGACAAGGCCACATTGACTGTAGACAAATCCTCCAGCACAGCCTACATGCAACTCAGCAGCCCGACATCTGAGGACTCTGCGGTCTATTACTGTGCAAGA,,,
IGHV1S113*01,GAGGTCCAGCTGCAACAGTCTGGACCTGAGCTGGTGAAGCCTGGGGCTTCAGTGAAGATATCCTGCAAGACTTCTGGATACACATTCACTGAATACACCATGCACTGGGTGAAGCAGAGCCATGGAAAGAGCCTTGAGTGGATTGGAGGTATTAATCCTAACAATGGTGGTACTAGCTACAACCAGAAGTTCAAGGGCAAGGCCACATTGACTGTAGACAAGTCCTCCAGCACAGCCTACATGGAGCTCCGCAGCCTGACATCTGAGGATTCTGCAGTCTATTACTGTGCAAGA,,,
IGHV1S121*01,CAGGTGCAACTGCAGCAGCCTGGGGCTGAGCTGGTGAAGCCTGGGGCCTCAGTGAAGATGTCCTGCAAGGCTTCTGGCTACACATTTACCAGTTACAATATGCACTGGGTAAAGCAGACACCTGGACAGGGCCTGGAATGGATTGGAGCTATTTATCCAGGAAATGGTGATACTTCCTACAATCAGAAGTTCAAAGGCAAGGCCACATTGACTGCAGACAAATCCTCCAGCACAGCCTACATGCAGCTCAGCAGCCTGACATCTGAGGACTCTGCGGTCTATTACTGTGCAAGA,,,
IGHV1S122*01,CAGGTCCAACTCCAGCAGCCTGGGGCTGAACTGGTGAAGCCTGGGGCTTCAGTGAAGTTGTCCTGCAAGGCTTCTGGCTACACCTTCACCAGCTACTGGATGCACTGGGTGAAGCTGAGGCCTGGACAAGGCTTTGAGTGGATTGGAGAGATTAATCCTAGCAATGGTGGTACTAACTACAATGAGAAGTTCAAGAGAAAGGCCACACTGACTGTAGACAAATCCTCCAGCACAGCCTACATGCAACTCAGCAGCCTGACATCTGAGGACTCTGCGGTCTATTACTGTACAATA,,,
IGHV1S123*01,CAGGTCCAACTGCAGCAGCCTGGGGCTGAACTGGTGAAGCCTGGGGCTTCAGTGAAGTTGTCCTGCAAGGCTTCTGGCTACACCTTCACCAGCTACTATATGTACTGGGTGAAGCAGAGGCCTGGACAAGGCCTTGAGTGGATTGGGGGGATTAATCCTAGCAATGGTGGTACTAACTTCAATGAGAAGTTCAAGAGCAAGGCCACACTGACTGTAGACAAATCCTCCAGCACAGCCTACATGCAACTCAGCAGCCTGACATCTGAGGACTCTGCGGTCTATTACTGTACAAGA,,,
IGHV1S126*01,CAGGTGCAACTGCAGCAGCCTGGGGCTGAGCTGGTGAAGCCTGGGGCTTCAGTGAAGATATCCTGCAAGGCTTCTGGCTACACCTTCACCAGCTACTGGATGAACTGGGTGAAGCAGAGGCCTGGACAAGGCCTTGAGTGGATCGGAGAGATCGATCCTTCTGATAGTTATACTAACAACAATCAAAAGTTCAAGGACAAGGCCACATTGACTGTAGACAAATCCTCCAGCACAGCCTACATGCAGCTCAGCAGCCTGACATCTGAGGACTCTGCGGTCTATTACTGTGCAAGA,,,
IGHV1S135*01,GAGATCCAGCTGCAGCAGTCTGGACCTGAGCTGGTGAAGCCTGGGGCTTCAGTGAAGGTATCCTGCAAGGCTTCTGGTTACTCATTCACTGACTACAACATGTACTGGGTGAAGCAGAGCCATGGAAAGAGCCTTGAGTGGATTGGATATATTGATCCTTACAATGGTGGTACTAGCTACAACCAGAAGTTCAAGGGCAAGGCCACATTGACTGTTGACAAGTCCTCCAGCACAGCCTTCATGCATCTCAACAGCCTGACATCTGAGGACTCTGCAGTCTATTACTGTGCAAGA,,,
IGHV2-2*02,CAGGTGCAGCTGAAGCAGTCAGGACCTGGCCTAGTGCAGCCCTCACAGAGCCTGTCCATCACCTGCACAGTCTCTGGTTTCTCATTAACTAGCTATGGTGTACACTGGGTTCGCCAGTCTCCAGGAAAGGGTCTGGAGTGGCTGGGAGTGATATGGAGTGGTGGAAGCACAGACTATAATGCAGCTTTCATATCCAGACTGAGCATCAGCAAGGACAATTCCAAGAGCCAAGTTTTCTTTAAAATGAACAGTCTGCAAGCTAATGACACAGCCATATATTACTGTGCCAGAAA,,,
IGHV2-2-1*01,CAGGTGCAGCTGAAGCAGTCAGGACCTGGCCTAGTGCAGCCCTCACAGAGCCTGTCCATCACCTGCACATTCTCTGGTTTCTGATTAACCAGCTATGGTGTACACTGGGAGCGCCATTCTCCAGGAAAGGGTCTGGAGTGGCTGGGAGTGATATGGAGTGGTGTACACACAGACTATAATGCAGCTTTCATATCCAGATTGAGCATCAGCAAGGACAACTCCAAGAGCCAAGTTTTCTTTAAAATGAACAGTCTGCAAGCTGATGACACAGCCATATACTACTGTGCCAGAAA,,,
IGHV2-2-2*01,CAGGTGCAGATGAAGCAGTCAGGACCTGGCCTAGTGCAGCCCTCACAGAGCCTGTCCATCACCTGCACAGTCTCTGGTTTCTCATTAACTAGCTATGGTGTACACTGGGTTCGCCAGTCTCCAGGAAAGGGTCTGGAGTGGCTGGGAGTGATATGGAGTGGTGGAAGCACAGACTATAATGCAGCTTTCATATCCAGACTGAGCATCAGCAAGGACAATTCCAAGAGCCAAGTTTTCTTTAAAATGAACAGTCTGCAAGCTGATGACACAGCCATATACTACTGTGTCAGAAA,,,
IGHV2-3*01,CAGGTGCAGCTGAAGGAGTCAGGACCTGGCCTGGTGGCGCCCTCACAGAGCCTGTCCATCACATGCACTGTCTCAGGGTTCTCATTAACCAGCTATGGTGTAAGCTGGGTTCGCCAGCCTCCAGGAAAGGGTCTGGAGTGGCTGGGAGTAATATGGGGTGACGGGAGCACAAATTATCATTCAGCTCTCATATCCAGACTGAGCATCAGCAAGGATAACTCCAAGAGCCAAGTTTTCTTAAAACTGAACAGTCTGCAAACTGATGACACAGCCACGTACTACTGTGCCAAACC,,,
IGHV2-4*02,CAGGTGCAGCTGAAGCAGTCAGGACCTGGCCTAGTGCAGCCCTCACAGAGCCTGTCCATCACCTGCACAGTCTCTGGTTTCTCATTAACTAGCTATGGTGTACACTGGGTTCGCCAGCCTCCAGGAAAGGGTCTGGAGTGGCTGGGAGTGATATGGAGTGGTGGAAGCACAGACTATAATGCTGCTTTCATATCCAGACTGAGCATCAGCAAGGACAACTCCAAGAGCCAAGTTTTCTTTAAAATGAACAGTCTGCAAGCTGATGACACAGCCATATACTACTGTGCCAGAAA,,,
IGHV2-4-1*01,CAGGTGCAGCTGAAGCAGTCAGGACCTGGCCTAGTGCAGCCCTCACAGAGCCTGTCCATCACCTGCACAGTCTCTGGTTTCTCATTAACTAGCTATGGTGTACACTGGGTTCGCCAGTCTCCAGGAAAGGGTCTGGAGTGGCTGGGAGTGATATGGAGTGGTGGAAGCACAGACTATAATGCAGCTTTCATATCCAGACTGAGCATCAGCAAGGACAACTCCAAGAGCCAAGTTTTCTTTAAAATGAACAGTCTGCAAGCTGATGACACAGCCATATACTACTGTGCCAGAAA,,,
IGHV2-5*01,CAGGTGCAGCTGAAGCAGTCAGGACCTGGCCTAGTGCAGCCCTCACAGAGCCTGTCCATAACCTGCACAGTCTCTGGTTTCTCATTAACTAGCTATGGTGTACACTGGGTTCGCCAGTCTCCAGGAAAGGGTCTGGAGTGGCTGGGAGTGATATGGAGAGGTGGAAGCACAGACTACAATGCAGCTTTCATGTCCAGACTGAGCATCACCAAGGACAACTCCAAGAGCCAAGTTTTCTTTAAAATGAACAGTCTGCAAGCTGATGACACTGCCATATACTACTGTGCCAAAAA,,,
IGHV2-5-1*01,CAGGTGCAGCTGAAGCAGTCAGGACCTAGCCTAGTGCAGCCCTCACAGAGCCTGTCCATAACCTGCACAGTCTCTGGTTTCTCATTAACTAGCTATGGTGTACACTGGGTTCGCCAGTCTCCAGGAAAGGGTCTGGAGTGGCTGGGAGTGATATGGAGAGGTGGAAGCACAGACTACAATGCAGCTTTCATGTCCAGACTGAGCATCACCAAGGACAACTCCAAGAGCCAAGTTTTCTTTAAAATGAACAGTCTGCAAGCTGATGACACTGCCATATACTACTGTGCCAAAA,,,
IGHV2-6*02,CAGGTGCAGCTGAAGGAGTCAGGACCTGGCCTGGTGGCGCCCTCACAGAGCCTGTCCATCACATGCACCGTCTCAGGGTTCTCATTAACTAGCTATGGTGTACACTGGGTTCGCCAGCCTCCAGGAAAGGGTCTGGAGTGGCTGGTAGTGATATGGAGTGATGGAAGCACAACCTATAATTCAGCTCTCAAATCCAGACTGAGCATCAGCAAGGACAACTCCAAGAGCCAAGTTTTCTTAAAAATGAACAGTCTCCAAACTGATGACACAGCCATGTACTACTGTGCCAGAAA,,,
IGHV2-6-1*01,CAGGTGCAGCTGAAGGAGTCAGGACCTGGCCTGGTGGCGCCCTCACAGAGCCTGTCCATCACATGCACCATCTCAGGGTTCTCATTAACCAGCTATGGTGTACACTGGGTTCGCCAGCCTCCAGGAAAGGGTCTGGAGTGGCTGGTAGTGATATGGAGTGATGGAAGCACAACCTATAATTCAGCTCTCAAATCCAGACTGAGCATCAGCAAGGACAACTCCAAGAGCCAAGTTTTCTTAAAAATGAACAGTCTCCAAACTGATGACACAGCCATGTACTACTGTGCCAGACA,,,
IGHV2-6-2*01,CAGGTGCAGCTGAAGGAGTCAGGACCTGACCTGGTGGCGCCCTCACAGAGCCTGTCCATCACATGCACCGTCTCAGGGTTCTCATTAACCAGCTATGGTGTACACTGGGTTCGCCAGCCTCCAGGAAAGGGTCTGGAGTGGCTGGTAGTGATATGGAGTGATGGAAGCACAACCTATAATTCAGCTCTCAAATCCAGACTGAGCATCAGCAAGGACAACTCCAAGAGCCAAGTTTTCTTAAAAATGAACAGTCTCCAAACTGATGACACAGCCATGTACTACTGTGCCAGACA,,,
IGHV2-6-4*01,CAGGTGCAGCTGAAGGAGTCAGGACCTGGCCTGGTGGCACCCTCACAGAGCCTGTCCATCACATGCACTGTCTCTGGGTTCTCATTATCCAGATATAGTGTACACTGGGTTCGCCAGCCTCCAGGAAAGGGTCTGGAGTGGCTGGGAATGATATGGGGTGGTGGAAGCACAGACTATAATTCAGCTCTCAAATCCAGACTGAGCATCAGCAAGGACAACTCCAAGAGCCAAGTTTTCTTAAAAATGAACAGTCTGCAAACTGATGACACAGCCATGTACTACTGTGCCAGAAA,,,
IGHV2-6-5*01,CAGGTGCAGCTGAAGGAGTCAGGACCTGGCCTGGTGGCGCCCTCACAGAGCCTGTCCATCACATGCACTGTCTCAGGGTTCTCATTAACCGACTATGGTGTAAGCTGGATTCGCCAGCCTCCAGGAAAGGGTCTGGAGTGGCTGGGAGTAATATGGGGTGGTGGAAGCACATACTATAATTCAGCTCTCAAATCCAGACTGAGCATCAGCAAGGACAACTCCAAGAGCCAAGTTTTCTTAAAAATGAACAGTCTGCAAACTGATGACACAGCCATGTACTACTGTGCCAAACA,,,
IGHV2-6-7*01,CAGGTGCAGCTGAAGGAGTCAGGACCTGGCCTGGTGGCGCCCTCACAGAGCCTGTCCATCACATGCACCGTCTCAGGGTTCTCATTAACCGGCTATGGTGTAAACTGGGTTCGCCAGCCTCCAGGAAAGGGTCTGGAGTGGCTGGGAATGATATGGGGTGATGGAAGCACAGACTATAATTCAGCTCTCAAATCCAGACTGAGCATCAGCAAGGACAACTCCAAGAGCCAAGTTTTCTTAAAAATGAACAGTCTGCAAACTGATGACACAGCCAGGTACTACTGTGCCAGAGA,,,
IGHV2-9*02,CAGGTGCAGCTGAAGGAGTCAGGACCTGGCCTGGTGGCGCCCTCACAGAGCCTGTCCATCACTTGCACTGTCTCTGGGTTTTCATTAACCAGCTATGGTGTACACTGGGTTCGCCAGCCTCCAGGAAAGGGTCTGGAGTGGCTGGGAGTAATATGGGCTGGTGGAAGCACAAATTATAATTCGGCTCTCATGTCCAGACTGAGCATCAGCAAAGACAACTCCAAGAGCCAAGTTTTCTTAAAAATGAACAGTCTGCAAACTGATGACACAGCCATGTACTACTGTGCCAGAGA,,,
IGHV2-9-2*01,CAGGTGCAACTGAAGGAGTCAGGACCTGGCCTGGTGGCGCCCTCACAGAGCCTGTCCATTACCTGCACTGTCTCTGGGTTCTCATTAACCAGCTATGATATAAGCTGGATTCGCCAGCCACCAGGAAAGGGTCTGGAGTGGCTTGGAGTAATATGGACTGGTGGAGGCACAAATTATAATTCAGCTTTCATGTCCAGACTGAGCATCAGCAAGGACAACTCCAAGAGCCAAGTTTTCTTAAAAATGAACAGTCTGCAAACTGATGACACAGCCATATATTACTGTGTAAGAGA,,,
IGHV3-1*02,GATGTGCAGCTTCAGGAGTCAGGACCTGACCTGGTGAAACCTTCTCAGTCACTTTCACTCACCTGCACTGTCACTGGCTACTCCATCACCAGTGGTTATAGCTGGCACTGGATCCGGCAGTTTCCAGGAAACAAACTGGAATGGATGGGCTACATACACTACAGTGGTAGCACTAACTACAACCCATCTCTCAAAAGTCGAATCTCTATCACTCGAGACACATCCAAGAACCAGTTCTTCCTGCAGTTGAATTCTGTGACTACTGAGGACACAGCCACATATTACTGTGCAAGA,,,
IGHV3-2*02,GATGTGCAGCTTCAGGAGTCGGGACCTGGCCTGGTGAAACCTTCTCAGTCTCTGTCCCTCACCTGCACTGTCACTGGCTACTCAATCACCAGTGATTATGCCTGGAACTGGATCCGGCAGTTTCCAGGAAACAAACTGGAGTGGATGGGCTACATAAGCTACAGTGGTAGCACTAGCTACAACCCATCTCTCAAAAGTCGAATCTCTATCACTCGAGACACATCCAAGAACCAGTTCTTCCTGCAGTTGAATTCTGTGACTACTGAGGACACAGCCACATATTACTGTGCAAGA,,,
IGHV3-5*02,GATGTGCAGCTTCAGGAGTCAGGACCTGGTCTGGTGAAACCTTCTCAGACAGTGTCCCTCACCTGCACTGTCACTGGCATCTCCATCACCACTGGAAATTACAGATGGAGCTGGATCCGGCAGTTTCCAGGAAACAAACTGGAGTGGATAGGGTACATATACTACAGTGGTACCATTACCTACAATCCATCTCTCACAAGTCGAACCACCATCACTAGAGACACTTCCAAGAACCAATTCTTCCTGGAAATGAACTCTTTGACTGCTGAAGACACAGCCACATACTACTGTGCACGAGA,,,
IGHV3-6*02,GATGTACAGCTTCAGGAGTCAGGACCTGGCCTCGTGAAACCTTCTCAGTCTCTGTCTCTCACCTGCTCTGTCACTGGCTACTCCATCACCAGTGGTTATTACTGGAACTGGATCCGGCAGTTTCCAGGAAACAAACTGGAATGGATGGGCTACATAAGCTACGACGGTAGCAATAACTACAACCCATCTCTCAAAAATCGAATCTCCATCACTCGTGACACATCTAAGAACCAGTTTTTCCTGAAGTTGAATTCTGTGACTACTGAGGACACAGCTACATATTACTGTGCAAGAGA,,,
IGHV3-8*02,GAGGTGCAGCTTCAGGAGTCAGGACCTAGCCTCGTGAAACCTTCTCAGACTCTGTCCCTCACCTGTTCTGTCACTGGCGACTCCATCACCAGTGGTTACTGGAACTGGATCCGGAAATTCCCAGGGAATAAACTTGAGTACATGGGGTACATAAGCTACAGTGGTAGCACTTACTACAATCCATCTCTCAAAAGTCGAATCTCCATCACTCGAGACACATCCAAGAACCAGTACTACCTGCAGTTGAATTCTGTGACTACTGAGGACACAGCCACATATTACTGTGCAAGATA,,,
IGHV4-1*02,GAGGTGAAGCTTCTCGAGTCTGGAGGTGGCCTGGTGCAGCCTGGAGGATCCCTGAAACTCTCCTGTGCAGCCTCAGGATTCGATTTTAGTAGATACTGGATGAGTTGGGTCCGGCAGGCTCCAGGGAAAGGGCTAGAATGGATTGGAGAAATTAATCCAGATAGCAGTACGATAAACTATACGCCATCTCTAAAGGATAAATTCATCATCTCCAGAGACAACGCCAAAAATACGCTGTACCTGCAAATGAGCAAAGTGAGATCTGAGGACACAGCCCTTTATTACTGTGCAAGACC,,,
IGHV4-2*02,GAGGTGAAGCTTCTCGAGTCTGGAGGTGGCCTGGTGCAGCCTGGAGGATCCCTGAATCTCTCCTGTGCAGCCTCAGGATTCGATTTTAGTAGATACTGGATGAGTTGGGCTCGGCAGGCTCCAGGGAAAGGGCAGGAATGGATTGGAGAAATTAATCCAGGAAGCAGTACGATAAACTATACGCCATCTCTAAAGGATAAATTCATCATCTCCAGAGACAACGCCAAAAATACGCTGTACCTGCAAATGAGCAAAGTGAGATCTGAGGACACAGCCCTTTATTACTGTGCAAGACT,,,
IGHV5-2*01,GAGGTGCAGCTGGTGGAGTCTGGGGGAGGCTTAGTGCAGCCTGGAGAGTCCCTGAAACTCTCCTGTGAATCCAATGAATACGAATTCCCTTCCCATGACATGTCTTGGGTCCGCAAGACTCCGGAGAAGAGGCTGGAGTTGGTCGCAGCCATTAATAGTGATGGTGGTAGCACCTACTATCCAGACACCATGGAGAGACGATTCATCATCTCCAGAGACAATACCAAGAAGACCCTGTACCTGCAAATGAGCAGTCTGAGGTCTGAGGACACAGCCTTGTATTACTGTGCAAGACA,,,
IGHV5-4*02,GAAGTGCAGCTGGTGGAGTCTGGGGGAGGCTTAGTGAAGCCTGGAGGGTCCCTGAAACTCTCCTGTGCAGCCTCTGGATTCACTTTCAGTGACTATTACATGTATTGGGTTCGCCAGACTCCGGAAAAGAGGCTGGAGTGGGTCGCAACCATTAGTGATGGTGGTAGTTACACCTACTATCCAGACAGTGTGAAGGGGCGATTCACCATCTCCAGAGACAATGCCAAGAACAACCTGTACCTGCAAATGAGCAGTCTGAAGTCTGAGGACACAGCCATGTATTACTGTGCAAGAGA,,,
IGHV5-6*01,GAGGTGCAGCTGGTGGAGTCTGGGGGAGACTTAGTGAAGCCTGGAGGGTCCCTGAAACTCTCCTGTGCAGCCTCTGGATTCACTTTCAGTAGCTATGGCATGTCTTGGGTTCGCCAGACTCCAGACAAGAGGCTGGAGTGGGTCGCAACCATTAGTAGTGGTGGTAGTTACACCTACTATCCAGACAGTGTGAAGGGGCGATTCACCATCTCCAGAGACAATGCCAAGAACACCCTGTACCTGCAAATGAGCAGTCTGAAGTCTGAGGACACAGCCATGTATTACTGTGCAAGACA,,,
IGHV5-6-2*01,GACGTGAAGCTCGTGGAGTCTGGGGGAGGCTTAGTGAAGCTTGGAGGGTCCCTGAAACTCTCCTGTGCAGCCTCTGGATTCACTTTCAGTAGCTATTACATGTCTTGGGTTCGCCAGACTCCAGAGAAGAGGCTGGAGTTGGTCGCAGCCATTAATAGTAATGGTGGTAGCACCTACTATCCAGACACTGTGAAGGGCCGATTCACCATCTCCAGAGACAATGCCAAGAACACCCTGTACCTGCAAATGAGCAGTCTGAAGTCTGAGGACACAGCCTTGTATTACTGTGCAAGACA,,,
IGHV5-6-3*01,GAGGTGCAGCTGGTGGAGTCTGGGGGAGGCTTAGTGCAGCCTGGAGGGTCCCTGAAACTCTCCTGTGCAGCCTCTGGATTCACTTTCAGTAGCTATGGCATGTCTTGGGTTCGCCAGACTCCAGACAAGAGGCTGGAGTTGGTCGCAACCATTAATAGTAATGGTGGTAGCACCTATTATCCAGACAGTGTGAAGGGCCGATTCACCATCTCCAGAGACAATGCCAAGAACACCCTGTACCTGCAAATGAGCAGTCTGAAGTCTGAGGACACAGCCATGTATTACTGTGCAAGAGA,,,
IGHV5-6-4*01,GACGTGAAGCTGGTGGAGTCTGGGGGAGGCTTAGTGAAGCCTGGAGGGTCCCTGAAACTCTCCTGTGCAGCCTCTGGATTCACTTTCAGTAGCTATACCATGTCTTGGGTTCGCCAGACTCCGGAGAAGAGGCTGGAGTGGGTCGCAACCATTAGTAGTGGTGGTAGTTACACCTACTATCCAGACAGTGTGAAGGGCCGATTCACCATCTCCAGAGACAATGCCAAGAACACCCTGTACCTGCAAATGAGCAGTCTGAAGTCTGAGGACACAGCCATGTATTACTGTACAAGAGA,,,
IGHV5-9*02,GAAGTGAAGCTGGTGGAGTCTGGGGGAGGCTTAGTGAAGCCTGGAGGGTCCCTGAAACTCTCCTGTGCAGCCTCTGGATTCGCTTTCAGTAGCTATGACATGTCTTGGGTTCGCCAGACTCCGGAGAAGAGGCTGGAGTGGGTCGCAACCATTAGTAGTGGTGGTAGTTACACCTACTATCCAGACAGTGTGAAGGGCCGATTCACCATCTCCAGAGACAATGCCAGGAACACCCTGTACCTGCAAATGAGCAGTCTGAGGTCTGAGGACACGGCCTTGTATTACTGTGCAAGACA,,,
IGHV5-9*03,GAAGTGATGCTGGTGGAGTCTGGGGGAGGCTTAGTGAAGCCTGGAGGGTCCCTGAAACTCTCCTGTGCAGCCTCTGGATTCACTTTCAGTAGCTATACCATGTCTTGGGTTCGCCAGACTCCGGAGAAGAGGCTGGAGTGGGTCGCAACCATTAGTAGTGGTGGTGGTAACACCTACTATCCAGACAGTGTGAAGGGTCGATTCACCATCTCCAGAGACAATGCCAAGAACAACCTGTACCTGCAAATGAGCAGTCTGAGGTCTGAGGACACGGCCTTGTATTACTGTGCAAGATA,,,
IGHV5-9-1*01,GAAGTGATGCTGGTGGAGTCTGGGGGAGGCTTAGTGAAGCCTGGAGGGTCCCTGAAACTCTCCTGTGCAGCCTCTGGATTCACTTTCAGTAGCTATGCCATGTCTTGGGTTCGCCAGACTCCGGAGAAGAGGCTGGAGTGGGTCGCAACCATTAGTAGTGGTGGTAGTTACACCTACTATCCAGACAGTGTGAAGGGGCGATTCACCATCTCCAGAGACAATGCCAAGAACACCCTGTACCTGCAAATGAGCAGTCTGAGGTCTGAGGACACGGCCATGTATTACTGTGCAAGA,,,
IGHV5-9-2*01,GAAGTGAAGCTGGTGGAGTCTGGGGGAGGCTTAGTGAAGCCTGGAGGGTCCCTGAAACTCTCCTGTGCAGCCTCTGGATTCACTTTCAGTAGCTATGGCATGTCTTGGGTTCGCCAGACTCCGGAGAAGAGGCTGGAGTGGGTCGCAACCATTAGTGGTGGTGGTAGTTACACCTACTATCCAGACAGTGTGAAGGGGCGATTCACCATCTCCAGAGACAATGCCAAGAACAACCTGTACCTGCAAATGAGCAGTCTGAGGTCTGAGGACACGGCCTTGTATTACTGTGCAAGACA,,,
IGHV5-9-3*01,GAAGTGCAGCTGGTGGAGTCTGGGGGAGGCTTAGTGAAGCCTGGAGGGTCCCTGAAACTCTCCTGTGCAGCCTCTGGATTCACTTTCAGTAGCTATGCCATGTCTTGGGTTCGCCAGACTCCGGAGAAGAGGCTGGAGTGGGTCGCAACCATTAGTAGTGGTGGTAGTTACACCTACTATCCAGACAGTGTGAAGGGTCGATTCACCATCTCCAGAGACAATGCCAAGAACACCCTGTACCTGCAAATGAGCAGTCTGAGGTCTGAGGACACGGCCATGTATTACTGTGCAAGACA,,,
IGHV5-9-4*01,GAAGTGCAGCTGGTGGAGTCTGGGGGAGGCTTAGTGAAGCCTGGAGGGTCCCTGAAACTCTCCTGTGCAGCCTCTGGATTCACTTTCAGTAGCTATGCCATGTCTTGGGTTCGCCAGTCTCCAGAGAAGAGGCTGGAGTGGGTCGCAGAAATTAGTAGTGGTGGTAGTTACACCTACTATCCAGACACTGTGACGGGCCGATTCACCATCTCCAGAGACAATGCCAAGAACACCCTGTACCTGGAAATGAGCAGTCTGAGGTCTGAGGACACGGCCATGTATTACTGTGCAAGGGA,,,
IGHV5-12*02,GAAGTGAAGCTGGTGGAGTCTGGGGGAGGCTTAGTGCAGCCTGGAGGGTCCCTGAAACTCTCCTGTGCAACCTCTGGATTCACTTTCAGTGACTATTACATGTATTGGGTTCGCCAGACTCCAGAGAAGAGGCTGGAGTGGGTCGCATACATTAGTAATGGTGGTGGTAGCACCTATTATCCAGACACTGTAAAGGGCCGATTCACCATCTCCAGAGACAATGCCAAGAACACCCTGTACCTGCAAATGAGCCGTCTGAAGTCTGAGGACACAGCCATGTATTACTGTGCAAGACA,,,
IGHV5-12-1*01,GAAGTGCAGCTGGTGGAGTCTGGGGGAGGCTTAGTGAAGCCTGGAGGGTCCCTGAAACTCTCCTGTGCAGCCTCTGGATTCGCTTTCAGTAGCTATGACATGTCTTGGGTTCGCCAGACTCCGGAGAAGAGGCTGGAGTGGGTCGCATACATTAGTAGTGGTGGTGGTAGCACCTACTATCCAGACACTGTGAAGGGCCGATTCACCATCTCCAGAGACAATGCCAAGAACACCCTGTACCTGCAAATGAGCAGTCTGAAGTCTGAGGACACAGCCATGTATTACTGTGCAAGACA,,,
IGHV5-12-2*01,GAAGTGAAGCTGGTGGAGTCTGGGGGAGGTTTAGTGCAGCCTGGAGGGTCCCTGAAACTCTCCTGTGCAGCCTCTGGATTCACTTTCAGTAGCTATACCATGTCTTGGGTTCGCCAGACTCCAGAGAAGAGGCTGGAGTGGGTCGCATACATTAGTAATGGTGGTGGTAGCACCTACTATCCAGACACTGTAAAGGGCCGATTCACCATCTCCAGAGACAATGCCAAGAACACCCTGTACCTGCAAATGAGCAGTCTGAAGTCTGAGGACACGGCCATGTATTACTGTGCAAGACA,,,
IGHV5-15*02,GAGGTGAAGCTGGTGGAGTCTGGGGGAGGCTTAGTGCAGCCTGGAGGGTCCCGGAAACTCTCCTGTGCAGCCTCTGGATTCACTTTCAGTGACTACGGAATGGCGTGGGTTCGACAGGCTCCAGGGAAGGGGCCTGAGTGGGTAGCATTCATTAGTAATTTGGCATATAGTATCTACTATGCAGACACTGTGACGGGCCGATTCACCATCTCTAGAGAGAATGCCAAGAACACCCTGTACCTGGAAATGAGCAGTCTGAGGTCTGAGGACACAGCCATGTACTACTGTGCAAGGGA,,,
IGHV5-17*02,GATGTGCAGCTGGTGGAGTCTGGGGGAGGCTTAGTGCAGCCTGGAGGGTCCCGGAAACTCTCCTGTGCAGCCTCTGGATTCACTTTCAGTAGCTTTGGAATGCACTGGGTTCGTCAGGCTCCAGAGAAGGGGCTGGAGTGGGTCGCATACATTAGTAGTGGCAGTAGTACCATCTACTATGCAGACACAGTGAAGGGCCGATTCACCATCTCCAGAGACAATCCCAAGAACACCCTGTTCCTGCAAATGACCAGTCTAAGGTCTGAGGACACGGCCATGTATTACTGTGCAAGA,,,
IGHV5-6-5*01,GAAGTGAAGCTGGTGGAGTCTGGGGGAGGCTTAGTGAAGCCTGGAGGGTCCCTGAAACTCTCCTGTGCAGCCTCTGGATTCACTTTCAGTAGCTATGCCATGTCTTGGGTTCGCCAGACTCCAGAGAAGAGGCTGGAGTGGGTCGCATCCATTAGTAGTGGTGGTAGCACCTACTATCCAGACAGTGTGAAGGGCCGATTCACCATCTCCAGAGATAATGCCAGGAACATCCTGTACCTGCAAATGAGCAGTCTGAGGTCTGAGGACACGGCCATGTATTACTGTGCAAGA,,,
IGHV6-6*02,GAAGTGAAGCTTGAGGAGTCTGGAGGAGGCTTGGTGCAACCTGGAGGATCCATGAAACTCTCCTGTGTTGCCTCTGGATTCACTTTCAGTAACTACTGGATGAACTGGGTCCGCCAGTCTCCAGAGAAGGGGCTTGAGTGGGTTGCTGAAATTAGATTGAAATCTAATAATTATGCAACACATTATGCGGAGTCTGTGAAAGGGAGGTTCACCATCTCAAGAGATGATTCCAAAAGTAGTGTCTACCTGCAAATGAACAACTTAAGAGCTGAAGACACTGGCATTTATTACTGTACCAGG,,,
IGHV6-7*02,GAGGTGAAGCTGGATGAGACTGGAGGAGGCTTGGTGCAACCTGGGAGGCCCATGAAACTCTCCTGTGTTGCCTCTGGATTCACTTTTAGTGACTACTGGATGAACTGGGTCCGCCAGTCTCCAGAGAAAGGACTGGAGTGGGTAGCACAAATTAGAAACAAACCTTATAATTATGAAACATATTATTCAGATTCTGTGAAAGGCAGATTCACCATCTCAAGAGATGATTCCAAAAGTAGTGTCTACCTGCAAATGAACAACTTAAGAGCTGAAGACATGGGTATCTATTACTGTACATGG,,,
IGHV7-1*02,GAGGTGAAGCTGGTGGAATCTGGAGGAGGCTTGGTACAGCCTGGGGGTTCTCTGAGACTCTCCTGTGCAACTTCTGGGTTCACCTTCAGTGATTTCTACATGGAGTGGGTCCGCCAGCCTCCAGGGAAGAGACTGGAGTGGATTGCTGCAAGTAGAAACAAAGCTAATGATTATACAACAGAGTACAGTGCATCTGTGAAGGGTCGGTTCATCGTCTCCAGAGACACTTCCCAAAGCATCCTCTACCTTCAGATGAATGCCCTGAGAGCTGAGGACACTGCCATTTATTACTGTGCAAGAGATGCA,,,
IGHV7-3*02,GAGGTGAAGCTGGTGGAGTCTGGAGGAGGCTTGGTACAGCCTGGGGGTTCTCTGAGACTCTCCTGTGCAACTTCTGGGTTCACCTTCACTGATTACTACATGAGCTGGGTCCGCCAGCCTCCAGGAAAGGCACTTGAGTGGTTGGGTTTTATTAGAAACAAAGCTAATGGTTACACAACAGAGTACAGTGCATCTGTGAAGGGTCGGTTCACCATCTCCAGAGATAATTCCCAAAGCATCCTCTATCTTCAAATGAACACCCTGAGAGCTGAGGACAGTGCCACTTATTACTGTGCAAGAGATA,,,
IGHV8-13*01,CAGGTTACTCTGAAAGAGTCTGGCCCTGGTATATTGCAGCCCTCCCAGACCCTCAGTCTGACCTGTTCTTTCTCTGGGTTTTCACTGAGCACTTTTGGTATGGGTGTGAGCTGGATTCGTCAGCCTTCAGGGAAGGGTCTGGAGTGGCTGGCACACATTTATTGGGATGATGACAAGCACTATAACCCATCCTTGAAGAGCCGGCTCACAATCTCCAAGGATACCTCCAACAACCAGGTATTCCTCAAGATCACCACTGTGGACACTGCAGATACTGCCACATACTACTGTGCTCGAAGAG,,,
IGHV9-2-1*01,CAGATCCAGTTGGTGCAGTCTGGACCTGAGCTGAAGAAGCCTGGAGAGACAGTCAAGATCTCCTGCAAGGCTTCTGGTTATACCTTCACAGACTATTCAATGCACTGGGTGAAGCAGGCTCCAGGAAAGGGTTTAAAGTGGATGGGCTGGATAAACACTGAGACTGGTGAGCCAACATATGCAGATGACTTCAAGGGACGGTTTGCCTTCTCTTTGGAAACCTCTGCCAGCACTGCCTATTTGCAGATCAACAACCTCAAAAATGAGGACACGGCTACATATTTCTGTGCTAGA,,,
IGHV9-1*02,CAGATCCAGTTGGTGCAGTCTGGACCTGAGCTGAAGAAGCCTGGAGAGACAGTCAAGATCTCCTGCAAGGCTTCTGGGTATACCTTCACAAACTATGGAATGAACTGGGTGAAGCAGGCTCCAGGAAAGGGTTTAAAGTGGATGGGCTGGATAAACACCTACACTGGAGAGCCAACATATGCTGATGACTTCAAGGGACGGTTTGCCTTCTCTTTGGAAACCTCTGCCAGCACTGCCTATTTGCAGATCAACAACCTCAAAAATGAGGACATGGCTACATATTTCTGTGCAAGA,,,
IGHV9-2*02,CAGATCCAGTTGGTGCAGTCTGGACCTGAGCTGAAGAAGCCTGGAGAGACAGTCAAGATCTCCTGCAAGGCTTCTGGCTATACCTTCACAAACTATGCAATGCACTGGGTGAAGCAGGCTCCAGGAAAGGGTTTAAAGTGGATGGGCTGGAAATACACCAACACTGGAGAGCCAACATATGGTGATGACTTCAAGGGACGGTTTGCCTTCTCTTTGGAAACCTCTGCCAGCACTGCCTATTTGCAGATCAACAACCTCAAAAATGAGGACATGGCTACATATTTCTGTGCAAGA,,,
IGHV9-3*03,CAGATCCAGTTGGTGCAGTCTGGACCTGAGCTGAAGAAGCCTGGAGAGACAGTCAAGATCTCCTGCAAGGCTTCTGGGTATACCTTCACAAACTATGGAATGAACTGGGTGAAGCAGGCTCCAGGAAAGGGTTTAAAGTGGATGGGCTGGATAAACACCAACACTGGAGAGCCAACATATGCTGAAGAGTTCAAGGGACGGTTTGCCTTCTCTTTGGAAACCTCTGCCAGCACTGCCTATTTGCAGATCAACAACCTCAAAAATGAGGACACGGCTACATATTTCTGTGCAAGA,,,
IGHV9-3-1*01,CAGATCCAGTTGGTGCAGTCTGGACCTGAGCTGAAGAAGCCTGGAGAGACAGTCAAGATCTCCTGCAAGGCTTCTGGGTATACCTTCACAAACTATGGAATGAACTGGGTGAAGCAGGCTCCAGGAAAGGGTTTAAAGTGGATGGGCTGGATAAACACCTACACTGGAGAGCCAACATATGCTGATGACTTCAAGGGACGGTTTGCCTTCTCTTTGGAAACCTCTGCCAGCACTGCCTATTTGCAGATCAACAACCTCAAAAATGAGGACACGGCTACATATTTCTGTGCAAGA,,,
IGHV9-4*02,CAGATCCAGTTGGTGCAGTCTGGACCTGAGCTGAAGAAGCCTGGAGAGACAGTCAGGATCTCCTGCAAGGCTTCTGGGTATACCTTCACAACTGCTGGAATGCAGTGGGTGCAAAAGATGCCAGGAAAGGGTTTGAAGTGGATTGGCTGGATAAACACCCACTCTGGAGTGCCAAAATATGCAGAAGACTTCAAGGGACGGTTTGCCTTCTCTTTGGAAACCTCTGCCAGCACTGCATATTTACAGATAAGCAACCTCAAAAATGAGGACACGGCTACGTATTTCTGTGCGAGA,,,
IGHV10-1*02,GAGGTGCAGCTTGTTGAGTCTGGTGGAGGATTGGTGCAGCCTAAAGGGTCATTGAAACTCTCATGTGCAGCCTCTGGATTCACCTTCAATACCTACGCCATGAACTGGGTCCGCCAGGCTCCAGGAAAGGGTTTGGAATGGGTTGCTCGCATAAGAAGTAAAAGTAATAATTATGCAACATATTATGCCGATTCAGTGAAAGACAGGTTCACCATCTCCAGAGATGATTCACAAAGCATGCTCTATCTGCAAATGAACAACTTGAAAACTGAGGACACAGCCATGTATTACTGTGTGAGACA,,,
IGHV10S3*01,GAGGTGCAGCTTGTTGAGACTGGTGGAGGATTGGTGCAGCCTAAAGGGTCATTGAAACTCTCATGTGCAGCCTCTGGATTCACCTTCAATACCAATGCCATGAACTGGGTCCGCCAGGCTCCAGGAAAGGGTTTGGAATGGGTTGCTCGCATAAGAAGTAAAAGTAATAATTATGCAACATATTATGCCGATTCAGTGAAAGACAGGTTCACCATCTCCAGAGATGATTCACAAAGCATGCTCTATCTGCAAATGAACAACTTGAAAACTGAGGACACAGCCATGTATTACTGTGTGAGAGA,,,
IGHV11-1*02,GAAGTGCAGCTGTTGGAGACTGGAGGAGGCTTGGTGCAACCTGGGGGGTCACGGGGACTCTCTTGTGAAGGCTCAGGGTTCACTTTTAGTGGCTTCTGGATGAGCTGGGTTCGACAGACACCTGGGAAGACCGTGGAGTGGATTGGAGACATTAATTCTGATGGCAGTGCAATAAACTACGCACCATCCATAAAGGATCGATTCACTATCTTCAGAGACAATGACAAGAGCACCCTGTACCTGCAGATGAGCAATGTGCGATCTGAGGACCCAGCCACGTATTTCTGTATGAGATA,,,
IGHV11-2*02,GAAGTGCAGCTGTTGGAGACTGGAGGAGGCTTGGTGCAACCTGGGGGGTCACGGGGACTCTCTTGTGAAGGCTCAGGGTTTACTTTTAGTGGCTTCTGGATGAGCTGGGTTCGACAGACACCTGGGAAGACCCTGGAGTGGATTGGAGACATTAATTCTGATGGCAGTGCAATAAACTACGCACCATCCATAAAGGATCGATTCACTATCTTCAGAGACAATGACAAGAGCACCCTGTACCTGCAGATGAGCAATGTGCGATCTGAGGACACAGCCACGTATTTCTGTATGAGATA,,,
IGHV12-1-1*01,CAGATTCAGCTTAAGGAGTCTGGACCTGCTGTCATCAAGCCATCACAGTCACTGTCTCTCACCTGCATAGTCTCTGGATTCTCCATCACAAGTAGTAGTTATTGCTGGCACTGGATCCGCCAGCCCCCAGGAAAGGGGTTAGAGTGGATGGGGCGCATATGTTATGAAGGTTCAATATACTATAGTCCATCCATCAAAAGCCGCAGCACCATCTCCAGAGACACATCTCTGAACAAATTCTTTATCCAGCTGAGCTCTGTGACAAATGAGGACACAGCCATGTACTACTGTTCCAGGGAAAACCA,,,
IGHV12-3*02,CAGATGCAGCTTCAGGAGTCAGGACCTGGCCTGGTGAAACCCTCACAGTCACTCTTCCTCGCCTGCTCTATTACTGGTTTCCCCATCACCAGTGGTTACTACTGGATCTGGATCCGTCAGTCACCTGGGAAACCCCTAGAATGGATGGGGTACATCACTCATAGTGGGGAAACTTTCTACAACCCATCCCTCCAGAGCCCCATCTCCATTACTAGAGAAACATCCAAGAACCAGTTCTTTCTGCAATTGAACTCTGTGACCACAGAGGACACAGCCATGTATTACTGTGCAGGAGACAGA,,,
IGHV13-2*02,CAGGTGCAGCTTGTAGAGACCGGGGGAGGCTTGGTGAGGCCTGGAAATTCTCTGAAACTCTCCTGTGTTACCTCGGGATTCACTTTCAGTAACTACCGGATGCACTGGCTTCGCCAGCCTCCAGGGAAGAGGCTGGAGTGGATTGCTGTAATTACAGTCAAATCTGATAATTATGGAGCAAATTATGCAGAGTCTGTGAAAGGCAGATTCACTATTTCAAGAGATGATTCAAAAAGCAGTGTCTACCTGCAGATGAACAGATTAAGAGAGGAAGACACTGCCACTTATTATTGTAGTAGA,,,
IGHV14-1*02,GAGGTTCAGCTGCAGCAGTCTGGGGCTGAGCTTGTGAGGCCAGGGGCCTTAGTCAAGTTGTCCTGCAAAGCTTCTGGCTTCAACATTAAAGACTACTATATGCACTGGGTGAAGCAGAGGCCTGAACAGGGCCTGGAGTGGATTGGATGGATTGATCCTGAGAATGGTAATACTATATATGACCCGAAGTTCCAGGGCAAGGCCAGTATAACAGCAGACACATCCTCCAACACAGCCTACCTGCAGCTCAGCAGCCTGACATCTGAGGACACTGCCGTCTATTACTGTGCTAGA,,,
IGHV14-2*02,TAGGTTAAGCTGCAGCAGTCTGGGGCAGAGCTTGTGAAGCCAGGGGCCTCAGTCAAGTTGTCCTGCAAAGCTTCTGGCTTCAACATTAAAGACTACTATATGCACTGAGTGAAGCAGAGGCCTGAACAGGGCCTGGAGTGGATTGGAAGGATTGATCCTGAGGATGGTGAAACTAAATATGCCCCGAAGTTCCAGGGCAAGGCCACTATAACAGCAGACACATCCTCCAACACAGCCTACCTGCAGCTCAGCAGCCTGACATCTGAGGACACTGCCGTCTATTACTGTGCTAGA,,,
IGHV14-3*02,GAGGTTCAGCTGCAGCAGTCTGGGGCAGAGCTTGTGAAGCCAGGGGCCTCAGTCAAGTTGTCCTGCACAGCTTCTGGCTTCAACATTAAAGACACCTATATGCACTGGGTGAAGCAGAGGCCTGAACAGGGCCTGGAGTGGATTGGAAGGATTGATCCTGCGAATGGTAATACTAAATATGACCCGAAGTTCCAGGGCAAGGCCACTATAACAGCAGACACATCCTCCAACACAGCCTACCTGCAGCTCAGCAGCCTGACATCTGAGGACACTGCCGTCTATTACTGTGCTAGA,,,
IGHV14-4*02,GAGGTTCAGCTGCAGCAGTCTGGGGCAGAGCTTGTGAGGTCAGGGGCCTCAGTCAAGTTGTCCTGCACAGCTTCTGGCTTCAACATTAAAGACTACTATATGCACTGGGTGAAGCAGAGGCCTGAACAGGGCCTGGAGTGGATTGGATGGATTGATCCTGAGAATGGTGATACTGAATATGCCCCGAAGTTCCAGGGCAAGGCCACTATGACTGCAGACACATCCTCCAACACAGCCTACCTGCAGCTCAGCAGCCTGACATCTGAGGACACTGCCGTCTATTACTGTAATGCA,,,
IGHV15-2*02,CAGGTTCACCTACAACAGTCTGGTTCTGAACTGAGGAGTCCTGGGTCTTCAGTAAAGCTTTCATGCAAGGATTTTGATTCAGAAGTCTTCCCTATTGCTTATATGAGTTGGGTTAGGCAGAAGCCTGGGCATGGATTTGAATGGATTGGAGACATACTCCCAAGTATTGGTAGAACAATCTATGGAGAGAAGTTTGAGGACAAAGCCACACTGGATGCAGACACAGTGTCCAACACAGCCTACTTGGAGCTCAACAGTCTGACATCTGAGGACTCTGCTATCTACTACTGTGCAAGG,,,
