gene_label,type,functionality,inference_type,species_subgroup,subgroup_type,watson_et_al,imgt,alt_names,notes,affirmation,sequence,sequence_gapped
IGHJ-NMIK,IGHJ,F,Rearranged,NOD/ShiLtJ,strain,NOD_ShiLtJ_IGHJ1*03,IGHJ1*03|Mus_musculus_A/J,watson_et_al:NOD_ShiLtJ_IGHJ1*03,,1,CTACTGGTACTTCGATGTCTGGGGCACAGGGACCACGGTCACCGTCTCCTCAG,CTACTGGTACTTCGATGTCTGGGGCACAGGGACCACGGTCACCGTCTCCTCAG
IGHJ-VGTM,IGHJ,F,Rearranged,NOD/ShiLtJ,strain,NOD_ShiLtJ_IGHJ2*02,IGHJ2*01|Mus_musculus,watson_et_al:NOD_ShiLtJ_IGHJ2*02,,1,ACTACTTTGACTACTGGGGCCAAGGCACCACTCTCACAGTCTCCTCAG,ACTACTTTGACTACTGGGGCCAAGGCACCACTCTCACAGTCTCCTCAG
IGHJ-V42E,IGHJ,F,Rearranged,NOD/ShiLtJ,strain,NOD_ShiLtJ_IGHJ3*01,IGHJ3*01|Mus_musculus,watson_et_al:NOD_ShiLtJ_IGHJ3*01,,1,CCTGGTTTGCTTACTGGGGCCAAGGGACTCTGGTCACTGTCTCTGCAG,CCTGGTTTGCTTACTGGGGCCAAGGGACTCTGGTCACTGTCTCTGCAG
IGHJ-PYGL,IGHJ,F,Rearranged,NOD/ShiLtJ,strain,NOD_ShiLtJ_IGHJ4*01,IGHJ4*01|Mus_musculus,watson_et_al:NOD_ShiLtJ_IGHJ4*01,,1,ATTACTATGCTATGGACTACTGGGGTCAAGGAACCTCAGTCACCGTCTCCTCAG,ATTACTATGCTATGGACTACTGGGGTCAAGGAACCTCAGTCACCGTCTCCTCAG
IGHD-DJ7I,IGHD,F,Rearranged,NOD/ShiLtJ,strain,NOD_ShiLtJ_IGHD1-1*01,IGHD1-1*01|Mus_musculus_BALB/c,watson_et_al:NOD_ShiLtJ_IGHD1-1*01,,1,TTTATTACTACGGTAGTAGCTAC,TTTATTACTACGGTAGTAGCTAC
IGHD-LQ3V,IGHD,F,Rearranged,NOD/ShiLtJ,strain,NOD_ShiLtJ_IGHD2-1*01|IGHD2-8*01,"IGHD2-1*01|Mus_musculus_129/Sv,IGHD2-8*01|Mus_musculus_BALB/c",watson_et_al:NOD_ShiLtJ_IGHD2-1*01|IGHD2-8*01,,1,TCTACTATGGTAACTAC,TCTACTATGGTAACTAC
IGHD-QCGS,IGHD,F,Rearranged,NOD/ShiLtJ,strain,NOD_ShiLtJ_IGHD2-2*01|IGHD2-7*01,"IGHD2-2*01|Mus_musculus_BALB/c,IGHD2-7*01|Mus_musculus_BALB/c",watson_et_al:NOD_ShiLtJ_IGHD2-2*01|IGHD2-7*01,,1,TCTACTATGGTTACGAC,TCTACTATGGTTACGAC
IGHD-YYV5,IGHD,F,Rearranged,NOD/ShiLtJ,strain,NOD_ShiLtJ_IGHD2-3*01,IGHD2-3*01|Mus_musculus_BALB/c,watson_et_al:NOD_ShiLtJ_IGHD2-3*01,,1,TCTATGATGGTTACTAC,TCTATGATGGTTACTAC
IGHD-RZIX,IGHD,F,Rearranged,NOD/ShiLtJ,strain,NOD_ShiLtJ_IGHD2-4*01|IGHD2-9*02,"IGHD2-4*01|Mus_musculus_BALB/c,IGHD2-9*02|Mus_musculus_129/Sv",watson_et_al:NOD_ShiLtJ_IGHD2-4*01|IGHD2-9*02,,1,TCTACTATGATTACGAC,TCTACTATGATTACGAC
IGHD-FLR4,IGHD,F,Rearranged,NOD/ShiLtJ,strain,NOD_ShiLtJ_IGHD2-5*01|IGHD2-6*01,"IGHD2-5*01|Mus_musculus_CB.20,IGHD2-6*01|Mus_musculus_C57BL/6J",watson_et_al:NOD_ShiLtJ_IGHD2-5*01|IGHD2-6*01,,1,CCTACTATAGTAACTAC,CCTACTATAGTAACTAC
IGHD-WGD3,IGHD,F,Rearranged,NOD/ShiLtJ,strain,NOD_ShiLtJ_IGHD3-2*02,IGHD3-2*02|Mus_musculus_C57BL/6J,watson_et_al:NOD_ShiLtJ_IGHD3-2*02,,1,AGACAGCTCAGGCTAC,AGACAGCTCAGGCTAC
IGHD-VJXU,IGHD,F,Rearranged,NOD/ShiLtJ,strain,NOD_ShiLtJ_IGHD4-1*01,IGHD4-1*01|Mus_musculus_BALB/c,watson_et_al:NOD_ShiLtJ_IGHD4-1*01,,1,CTAACTGGGAC,CTAACTGGGAC
IGHD-TZK7,IGHD,F,Rearranged,NOD/ShiLtJ,strain,NOD_ShiLtJ_IGHD4-1*02,IGHD4-1*02|Mus_musculus_BALB/c,watson_et_al:NOD_ShiLtJ_IGHD4-1*02,,1,CAACTGGGAC,CAACTGGGAC
