seq_id,sequence,action,label,reason
LEWES_EiJ_IGHD1-1_var,TTTATTACTACGATGGTAGCTAC,new_label,,no_match
LEWES_EiJ_IGHD1-2*01,TTCATTACTACGGCTAC,new_label,,no_match
LEWES_EiJ_IGHD2-1*01|IGHD2-8*01,TCTACTATGGTAACTAC,new_label,,no_match
LEWES_EiJ_IGHD2-12*01,CCTACTATAGTTACTATAGTTACGAC,new_label,,no_match
LEWES_EiJ_IGHD2-14*01,CCTACTATAGGTACGAC,new_label,,no_match
LEWES_EiJ_IGHD2-3_var,TCTATGGTGGTTACTAC,new_label,,no_match
LEWES_EiJ_IGHD2-4*01|IGHD2-9*02,TCTACTATGATTACGAC,new_label,,no_match
LEWES_EiJ_IGHD2-5*01|IGHD2-6*01,CCTACTATAGTAACTAC,new_label,,no_match
LEWES_EiJ_IGHD3-2*01,AGACAGCTCGGGCTAC,new_label,,no_match
LEWES_EiJ_IGHD4-1*01,CTAACTGGGAC,new_label,,no_match
LEWES_EiJ_IGHD4-1*02,CAACTGGGAC,new_label,,no_match
