gene_label,type,watson_et_al,imgt,sequence
2XKZ,IGHV,LEWES_EiJ_IGHV1-1,,CAGGTGCAACTGCAGCAGCCTGGGGCTGAGCTGGTGAAGCCTGGGGCCTCAGTGAAGATGTCCTGCAAGGCTTCTGGCTACACATTTACCAGTTACAATATGCACTGGGTAAAGCAGACACCTGGACAGGGCCTGGAATGGATTGGAGCTATTTATCCAGGAAATGGTGATACTTCCTACAATCAGAAGTTCAAGGGCAAGGCCACATTGACTGCAGACAAATCCTCCAGCACAGCCTACATGCAGCTCAGCAGCCTGACATCTGAGGACTCTGCGGTCTATTACTGTGCAAG
MJAE,IGHV,LEWES_EiJ_IGHV1-10,,GAGGTCCAGCTGCAACAGTCTGGACCTGAGCTGGTGAAGCCTGGGGCTTCAGTGAAGATATCCTGCAAGGCTTCTGGATACACATTCACTGACTACAACATGCACTGGGTGAAGCATGGAAAGAGCCTTGAGTGGATTGGATATATTTATCCTAACAATGGTGGTACTGGCTACAACCAGAAGTTCAAGGGCAAGGCCACATTGACTGTAGACAAGTCCTCCAGCACAGCCTACATGGAGCTCCGCAGCCTGACATCTGAGGACTCTGCAGTCTATTACTGTGC
OV7N,IGHV,LEWES_EiJ_IGHV1-11,,GAGGTTCAGCTGCAGCAGTCTGGACCTGACCTGGTGAAGCCTGGGGATTCAGTGAAGATATCCTGCAAGGCTTCTGGTTACTCATTTACTGGCTACTTTATGAACTGGGTGAAGCAGAGCCATGGAAAGAGCCTTGAGTGGATTGGACGTATTAATCCTTACAATGGTGTTACTTTCTACAACCAGAAGTTCAAAGGCAAGGCCACATTGACTGTAGACAAATCCTCTAGCACAGCCCACATGGAGCTCCTGAGCCTGACATCTGAGGACTTTGCAGTCTATTATTGTGCAA
DDX4,IGHV,LEWES_EiJ_IGHV1-12,,GAGATCCAGCTGCAGCAGACTGGACCTGAGCTGGTGAAGCCTGGGGCTTCAGTGAAGATATCCTGCAAGGCTTCTGGTTATTCATTCACTGACTACATCATGCTCTGGGTGAAGCAGAGCCATGGAAAGAGCCTTGAGTGGATTGGAAATATTAATCCTTACTATGGTAGTACTAGCTACAATCAGAAGTTCAAGGGCAAGGCCACATTGACTGCAGACAAATCCTCCAGCACAGCCTACATGCAGCTCAGCAGCCTGACATCTGAGGACTCTGCAGTCTATTACTGTGCAA
6MYZ,IGHV,LEWES_EiJ_IGHV1-13,,CAGGTCCAGCTGCAGCAGTCTGGAGCTGAGCTGGTAAGACCTGGGACTTCAGTGAAGGTGTCCTGCAAGGCTTCTGGATACGCCTTCACTAATTACTTGATAGAGTGGGTAAAGCAGAGGCCTGGGCAGGGCCTTGAGTGGATTGGAGTGATTAATCCTGGAAGTGGTGGTACTAACTACAATGAGAAGTTCAAGGGCAAGGCAACACTGACTGCAGACAAATCCTCCAGCACTGCCTACATGCAGCTCAGCAGCCTGACATCTGATGACTCTGCGGTCTATTTCTGTGC
2TS3,IGHV,LEWES_EiJ_IGHV1-14,,CAGGTCCAACTGCAGCAGCCTGGGGCTGAGCTTGTGAAGCCTGGGGCTTCAGTGAAGATGTCCTGCAAGGCTTCTGGCTACACCTTCACCCGCTACTGGATGCACTGGGTGAAGCAGAGGCCTGGACAAGGCCTTGAGTGGATTGGAAATATTTATCCTGGTAGAGGTAGTACTAACTACAATGAGAAGTTCAAGAGCAAGGCCACACTGACTGTAGACAAATCCTCCAGCACAGCCTACATGCAGCTCAGCAGCCTGACATCTGAGGACTCTGCGGTCTATTACTGTGC
DSCL,IGHV,LEWES_EiJ_IGHV1-15,,CAGGTCCAACTGCAGCAGCCTGGGGCTGAGCTTGTGAAGCCTGGGGCTTCAGTGAAGATGTCCTGCAAGGCTTCTGGCTACACCTTCACCAGCTACTGGATAAACTGGGTGAAGCTGAGGCCTGGACAAGGCCTTGAGTGGATTGGAGATATTTATCCTGGTAGTGGTAGTACTAACTACAATGAGAAGTTCAAGAGCAAGGCCACACTGACTGTAGACACATCCTCCAGCACAGCCTACATGCAACTCAGCAGCCTGACATCTGAGGACTCTGCGGTCTATTACTGTGC
3KZH,IGHV,LEWES_EiJ_IGHV1-16,,GAGGTCCAGCTTCAGCAGTCTGGAGCTGAGCTGGTGACGCCTGGGTACTCAGTGAAGCTGTCCTGCAAGACTTCTGGATATACATTCACAAGCTATGATATAAACTGGGTGAAGCAGAGGCCTGGACAGGGCCTGGAATGGATTGGATATATTTATCCTGGAAATGGTTATACTGAGTACAATGAGATGTTCAAGGGCAAGGCCACACTGACTTCAGACACATCCTCCAGCACAGCCTACATGCAGCTCAGAAGCCTGACATCTGAGGACTCTGCGGTCTATTTCTGTGCAAGA
4GSR,IGHV,LEWES_EiJ_IGHV1-17,,AAGGTCCAGCTGCAGCAGTCTGGAGCTGAGCTGGTGAAACCCGGGGCATCAGTGAAGCTGTCCTGCAAGGCTTCTGGCTACACCTTCACTGAGTATATTATACACTGGGTAAAGCAGAGGTCTGGACAGGGTCTTGAGTGGATTGGGTGGTTTTACCCTGGAAGTGGTAGTATAAAGTACAATGAGAAATTCAAGGACAAGGCCACATTGACTGCGGACAAATCCTCCAGCACAGTCTATATGGAGCTTAGTAGATTGACATCTGAAGACTCTGCGGTCTATTTCTGTGCAAGACACG
EM76,IGHV,LEWES_EiJ_IGHV1-18,,CAGGGTCAGATGCAGCAGTCTGGAGCTGAGTTGGTGAAGCCTGGGGCTTCAGTGAAGCTGTCCTGCAAGACTTCTGGCTTCACCTTCAGCAGTAGCTATATAAGTTGGTTGAAGCAGAAGCCTGGACAGAGTCTTGAGTGGATTGCATGGATTTATCCTGGAAGTGGTAGTACTAGCTATAATCAGAAGTTCACGGGCAAGGCCCAACTGACTGCAGACACATCCTCCAGCACAGCCTACATGCAACTCAGCAGCCTGACATCTGAGGACTCTGCCATCTATTACTGTGCAA
FAVL,IGHV,LEWES_EiJ_IGHV1-19,,CAGGTTCAGCTGCAGCAGTCTGGAGCTGAACTGGTAAAGCCTGGGGCTTCAGTGAAGTTGTCCTGCAAGGCTTCTGACTACACCTTCACAAGCTATGATATAAACTGGGTGAAGCAGAGGCCTGGACAGGGACTTGAGTGGATTGGATGGATTTATCCTGGAAGTGGTAATACTAAGTACAATGAGAAGTTTAAGGGCAAGGCCACACTGACTGCAGACAAATCCTCCAGCACAGCCTACATGCAGCTCAGCAGCCTGACATCTGAGGATTCTGCGGTCTATTTCTGTGC
73MF,IGHV,LEWES_EiJ_IGHV1-2,,CAGGTCCAGCTGCAGCAGTCTGGACCTGAGCTGGTAAAGCCTGGGGCTTCAGTGAAGATGTCCTGCAAGGCTTCTGGATACACCTTCGCTAACCATGTTATGCACTGGGTGAAGCAGAAGCCAGGGCAGGGCCTTGAGTGGATTGGATATATTTATCCTTACAATGATGGTACTAAGTACAATGAGAAGTTCAAGGGCAAGGCCACACTGACTTCAGACAAATCCTCCAGCACAGCCTACATGGAGCTCAGCAGCCTGGCCTCTGAGGACTCTGCGGTCTATTACTGTGCAA
3SZZ,IGHV,LEWES_EiJ_IGHV1-20,,CAGGTCCAGCTGCAGCAGTCTGGGCCTGAGCTGGTGAGGCCTGGGGTCTCAGTGAAGATTTCCTGCAAGGGTTCCGGCTACACATTCACTGATTATGCTATGCACTGGGTGAAGCAGAGTCATGCAAAGAGTCTAGAGTGGATAGGAGTTATTAGTACTTACTATGGTAATACAAACTACAACCAGAAGTTTAAGGGCAAGGCCACAATGACTGTAGACAAATCCTCCAGCACAGCCTATATGGAACTTGCCAGATTGACATCTGAGGATTCTGCCATCTATTACTGTGCAAG
N4LP,IGHV,LEWES_EiJ_IGHV1-21,,CAGGTCCAGCTGCAGCAGTCTGGCGCTGAACTGGCAAAACCTGGGACCTCAGTGAAGATGTCCTGCAAGGCTTCTGGCTACACCTTTACTAGCTACTGGATGAACTGGGTAAAACAGAGGCCTGGACAGGGTCTGGAATGGATTGGGGCTATTAATCCTAGCAATGGTTATACTGAGTACAATCAGAAGTTCAAGGACAAGGCCATATTGACTGCAGACAAATCCTCCAGCACAGCCTACATGCAACTGAGCAGCCTGACATCTGAGGACTCTGCAGTCTATTACTGT
VRBM,IGHV,LEWES_EiJ_IGHV1-22,,CAGGTCCAGCTGCAGCAGTCTGGGGCTGAACTGGCAAAACCTGGGGCCTCAGTGAAGATGTCCTGCAAGGCTTCTGGCTACACCTTTACTAGCCACTGGATGCACTGGGTAAAACAGAGGCCTGGACAGGGTCTGGAATGGATTGGATACATTAATCCTAGCAGTGGTCATACTGGGTACAATCAGAAGTTCAAGGACAAGGCCACATTGACTGCAGACAAATCCTCCAGCACAGCCTACATGCAACTGAGCAGCCTGACATCTGAGGACTCTGCAGTCTATTACTGTGCAAGA
VEZX,IGHV,LEWES_EiJ_IGHV1-23,,CAGGTCCAGCTGCAGCAGTCTGGGGCTGAACTGGCAAAACCTGGGGCCTCAGTGAAGATGTCCTGCAAGGCTTCTGGCTACACCTTTACTAGCTACTGGATGCACTGGGTAAAACAGAGGCCTGGACAGGGTCTGGAATGGATTGGATACATTAATCCTAGCAGTGGTTATACTAAGTACAATCAGAAGTTCAAGGACAAGGCCACATTGACTGCAGACAAATCCTCCAGCACAGCCTACATGCAACTGAGCAGCCTGACATCTGAGGACTCTGCAGTCTATTACTGTGCAAG
Q55D,IGHV,LEWES_EiJ_IGHV1-24,,CAGGTCCAACTGCAGCAGCCTGGGGCTGAGCTGGTGAGGCCTGGGGCTTCAGTGAAGCTGTCCTGCAAGGCTTCTAGCTACACGTTCACCCGCTACTGGATGAACTGGGTTAAGCAGAGGCCTGAGCAAGGCCTTGAGTGGATTGGAAGGATTGATCCTTACGATAGTGAAACTCACTACAATCAAAAGTTCAAGGACAAGGCCATATTGACTGTAGACAAATCCTCCAGCACAGCCTACATGCAACTCAGCACCCTGACATCTGAGGACTCTGCGGTCTATTACTGT
CIDE,IGHV,LEWES_EiJ_IGHV1-25,,CAGGTCCAACTGCAGCAGCCTGGGGCTGAGCTGGTGAGGCCTGGAGCTTCAGTGAAGCTGTCCTGCAAGGCTTCTGGCTACACCTTCACCAGCTACTGGATGAACTGGGTGAAGCAGAGGCCTGGACAAGGCCTTGAGTGGATTGGCATGATTCATCCTTCCGATAGTGAAACTAGGTTAAATCAGAAGTTCAAGGACAAGGCCACATTGACTGTAGACAAATCCTCCAGCACAGCCTACATGCAGCTCAGCAGCCCGACATCTGAGGACTCTGCGGTCTATTACTGT
IT4O,IGHV,LEWES_EiJ_IGHV1-26,,CAGGTCCAGCTACAGCAGTCTGGGGCTGAACTGGTGAAGCCTGGGGCCTCAGTTAAGATTTCCTGCAAAGCTTCTGGCTACGCATTCAGTAGCTCCTGGATGAACTGGGTGAAGCAGAGGCCTGGAAAGGGTCTTGAGTGGATTGGACAGATTTATCCTGGAGATGGTGATACTAACTACAATGGAAAGTTCAAGGGTAAAGCCACACTGACTGCAGACAAATCCTCCAGCACAGCCTACATGCAACTCAGCAGCCTGACATCTGAGGACTCTGCGGTCTATTTCTGTGC
QU7Q,IGHV,LEWES_EiJ_IGHV1-27,,CAGGTTCAGCTGCAGCAGTCTGGAGCTGAGCTGGCGAGGCCCGGGGCTTCAGTGAAGCTGTCCTGCAAGGCTTCTGGATACACCTTCACAAGCTATGGTATAAGCTGGGTGAAGCAGAGAACTGGACAGGGCCTTGAGTGGATTGGAGAGATTTTTCCTGGAAGTGGTAATACTTACTACAATGAGAAGTTCAAGGGCAAGGCCACACTGACTGCAGACAAATCCTCCAGCACAGCCTACATGCAGCTCAGCAGCCTGACATCTGAGGACTCTGCAGTCTATTTCTGTGCAA
RG5I,IGHV,LEWES_EiJ_IGHV1-28,,CAGGTCCAGCTGCAGCAGTCTGGACCTGAGCTGGTGAAGCCTGGGGCCTCAGTGAAGATTTCCTGCAAAGCTTCTGGCTACGCATTCAGTAGCTCTTGGATGAACTGGGTGAAGCAGAGGCCTGGACAGGGTCTTGAGTGGATTGGACGGATTTATCCTGGAGATGGAGATACTAACTACAATGGGAAGTTCAAGGGCAAGGCCACACTGACTGCAGACAAATCCTCCAGCACAGCCTACATGCAGCTCAGCAGCCTGACCTCTGTGGACTCTGCGGTCTATTTCTGTGC
LEBH,IGHV,LEWES_EiJ_IGHV1-29,IGHV1-87*01|Mus_musculus,CAGGTTCAGCTCCAGCAGTCTGGGGCTGAGCTGGCAAGACCTGGGGCTTCAGTGAAGATGTCCTGCAAGGCTTCTGGCTACACCTTTACCAGCTACTGGATGCAGTGGGTAAAACAGAGGCCTGGACAGGGTCTGGAATGGATTGGGGCTATTTATCCTGGAGATGGTGATACTAGGTACACTCAGAAGTTCAAGGGCAGGGCCACATTGACTGCAGATAAATCCTCCAGCACAGCCTACATGCAACTCAGCAGCTTGACATCTGAGGACTCTGCGGTCTATTACTGTGC
HWYE,IGHV,LEWES_EiJ_IGHV1-3,,CAGGTTCAACTGCAGCAGTCTGGAGCTGAGCTGGTGAGGCCTGGGGCTTCAGTGACGCTGTCCTGCAAGGCTTCGGGCTACACATTTACTGACTATGAAATGCACTGGGTGAAGCAGACACCTGTGCATGGCCTGGAATGGATTGGAGCTATTGATCCTGAAACTGGTGATACTGCCTACAATCAGAAGTTCAAGGGCAAGGCCACACTGACTGCAGACAAATCCTCCAGCACAGCCTACATGGAGCTCAGCAGCCTGACATCTGAGGACTCTGCCGTCTATTACTGT
4Q76,IGHV,LEWES_EiJ_IGHV1-30,,CAGGTCCAACTGCAGCAGCCTGGGTCTGTGCTGGTGAGGCCTGGAGCTTCAGTGAAGCTGTCCTGCAAGGCTTCTGGCTACACCTTCACCAGCTCCTGGATGCACTGGGCGAAGCAGAGGCCTGGACAAGGCCTTGAGTGGATTGGAGAGATTCATCCTAATAGTGGTAATACTAACTACAATGAGAAGTTCAAGGGCAAGGCCACACTGACTGTAGACACATCCTCCAGCACAGCCTACGTGGATCTCAGCAGCCTGACATCTGAGGACTCTGCGGTCTATTACTGT
SHHV,IGHV,LEWES_EiJ_IGHV1-31,,CAGGTCCAACTGCAGCAACCTGGGTCTGAGCTGGTGAGGCCTGGAGCTTCAGTGAAGTTGTCCTGCAAGGCTTCTGGCTACACATTCACCAGCTACTGGATGCACTGGGTGAAGCAGAGGCCTGGACAAGGCCTTGAGTGGATTGGAAATATTTATCCTGGTAGTGGTAGTAATAACTACGATGAGAAGTTCAAGAGCAAGGCCACACTGACTGTAGACACATCCTCCAGCACAGCCTACATGCAGCTCAGCAGCCTGACATCTGAGGACTCTGCGGTCTATTACTGTAC
QZGM,IGHV,LEWES_EiJ_IGHV1-32,,GAGATCCAGCTGCAACAGTCTGGACCTGAGCTGGTGAAGCCTGGGGCTTCAGTGAAGATGTCCTGCAAGGCTTCTGGATACACATTCACTGACTACTACATGCACTGGGTGAAGCAGAGCAATGGAAAGAGCCTTGAGTGGATTGGATATATTAATCCTTATAATGATTATACTAGCTACAACCAGAAGTTCAATGGCAAGGCCACATTGACTGTAGACAAGTCCTCCAGCACAGCCTACATGCAGCTCAACAGCCTGACATCTGAGGACTCTGCATTCTATTACTGTGCA
PUSX,IGHV,LEWES_EiJ_IGHV1-33,IGHV1S45*01|Mus_musculus_I/St,GAAGTCCAGCTGCAACAGTCTGGACCTGAGCTGGTGAAGCCTGGGGCTTCAGTGAAGATGTCCTGCAAGGCTTCTGGATACACATTCACTGACTATGTTATGCACTGGGTGAAGCAGAGCAATGGAAAGAGCCTTGAGTGGATTGGATATATTAATCCTTATAATGATTATACTAGCTACAACCAGAAGTTCAAGGGCAAGGCCACATTGACTGTAGACAAATCCTCCAGCACAGCCTACATGCAGCTCAACAGCCTGACATCTGAGGACTCTGCAGTCTATTACTGTGCAAGA
MYOQ,IGHV,LEWES_EiJ_IGHV1-34,,CAGGTCCAACTGCAGCAGCCTGGGTCTGTGCTGGTGAGGCCTGGAGCTTCAGTGAAGCTGTCCTGCAAGGCTTCTGGCTACACATTCACCAGCTACTGGATGAACTGGGTGAAGCAGAGGCCTGGACAAGGCCTTGAGTGGATTGGAGGGATTTATCCTAATAGTGGTAGTACTGACTACAATGAGAAGTTCAAGGGCAAGGCCACACTGACTGTAGACACATCCTCCAGCACAGCCTACATGGATCTCAGCAGCCTGACATCTGAGGACTCTGCGGTCTATTACTGTG
O7TX,IGHV,LEWES_EiJ_IGHV1-4,,GAGGTCCAGCTGCAACAGTCTGGACCTGAGCTGGTGAAGCCTGGGGCTTCAGTGAAGATATCCTGCAAGGCTTCTGGATACACATTCACTGACTACACCATGCACTGGGTGAAGCAGAGCCATGGAAAGAGCCTTGAGTGGATTGGACTTGTTAATCCTAACAATGGTGGTACTAACTACAACCAGAAGTTCAAGGGCAAGGCCACATTGACTGTAGACAAGTCCTCCAGCACAGCCTACATGGAGCTCCGCAGCCTGACATCTGAGGACTCTTCTGTCTATTACTGTGCAA
QRAR,IGHV,LEWES_EiJ_IGHV1-5,,GAGGTCCAGCTGCAACAGTCTGGACCTGAGCTGGTGAAGCCTGGGTCTTCAGTGAAGATATCCTGCAAGGCTTCTGGATACACATTCACTGACTACAGCATGGACTGGGTGAAGCAGAGCCATGGAAAGAGCCTTGAGTGGATTGGAGCTATTAATCCTAACAATGGTGGTACTAGCTACAACCAGAAGTTCAAGGGCAAGGCCACATTGACTGTAGACAAGTCCTCCAGCACAGCCTACATGGAGCTCCACAGCCTGACATCTGAGGACTCTGCAGTCTATTACTGT
PCMZ,IGHV,LEWES_EiJ_IGHV1-6,,GAGGTCCAGCTGCAACAGTCTGGACCTGAGCTGCTGAAGCCTGGGGCTTCAGTGAAGATATCCTGCAAGGCTTCTGGATACACATTCACTGACTACACCATGCACTGGGTGAAGCAGAGCCATGGAAAGAGCCTTGAGTGGATTGGAGGTATTAATCCTAACAATGGTGGTACTAGCTACAACGAGAAGTTCAAGGGCAAGGCCACCTTGACTGTAGACAAGTCCTCAAGCACAGCCTACATGGAGCTCCGCAGCCTGACATCTGAGGATTCTGCAGTCTATTACTGTGCAAG
NJZ4,IGHV,LEWES_EiJ_IGHV1-7,,GAGGTCCAGCTGCAACAGTCTGGACCTGACCTGGTGAAGCCTGGGGCTTCAGTGAAGATATCCTGCAAGGCTTCTGGATACACATTCACTGACTACGACATGAACTGGGTGAAGCAGAGCCATGGAAAGAGCCTTGAGTGGATTGGATATATTTATCCTAACAATGGTGGTACTAGCTACAACCAGAAGTTCAAGGGCAAGGCCACATTGACTGTAGACAAGTCCTCCAGCACAGCCTACATGGAGCTCCGCAGCCTGACATCTGAGGATTCTGCAGTCTATTACTGTGC
UDU2,IGHV,LEWES_EiJ_IGHV1-8,,GAGGTCCAGCTGCAACAGTCTGGACCTGAGCTGGTGAAGCCTGGGGCTTCAGTGAAGATGTCCTGCAAGGCTTCTGGATACACATTCACTAACTACTACATGCACTGGGTGAAGCAGAGCCATGGAAAGAGCCTTGAGTGGATTGGATATATTTATCCTAACAATGGTGATACTAGCTACAACCAGAAGTTCAAGGGCAAGGCCACATTGACTGTAGACAAGTCCTCCAGTACAGCCTACATGGAGCTCCGCAGCCTGACATCTGAGGATTCTGCAGTCTATTACTGTG
RAAJ,IGHV,LEWES_EiJ_IGHV1-9,,GAGGTCCAGCTGCAACAGTCTGGACCTGAGCTGGTGAAGCCTGGGTCTTCAGTGAAGATATCATGTAAGGCTTCTGGATACACATTCACTGACTACTACATGAACTGGGTGAAGCAGAGCCATGGAAAGAGCCTTGAGTGGATTGGAGATATTAATCCTATCAATGGTGGTACTAGCTACAACCAGAAGTTCAAGGGCAAGGCCACATTGACTGTAGACAAGTCCTCCAGCACAGACTACATGGAGCTCCGCGGCCTGACATCTGAGGACTCTGCAGTCTATTACTGTGCAAG
ETE7,IGHV,LEWES_EiJ_IGHV10-1,,GAGGTGCAGCTTGTTGAGTCTGGTGGAGGATTGGTGCAGCCTAAAGGGACATTGAAACTCTCATGTGCCGCCTCTGGATTCAGCTTCAATACCTATGCCATGAACTGGGTCCGCCAGGCTCCAGGAAAGAGTTTGGAATGGGTTGCTCGCACAATGAGTAAAAGTAATAATTATGCAACATATTATGCAGATTCAGTGAAAGACAGATTCACCATCTCCAGAGATGATTCACAAAGCATGCTCTATCTGCAAATGAACAACTTGAAAACTGAGGACACAGCCATGTATTACTGT
VPTU,IGHV,LEWES_EiJ_IGHV10-2,,GAGGTGCAGCTTGTTGAGTCTGGTGGAAGATTGGTGCAGCCTAAAGGGTCATTGAAACTCTCATGTGCAGCCTCTGGATTCACCTTCAATACCTATGCCATGTACTGGATCCGCCAGGCTCCAGGAAAGGGTTTGGAATGGGTTGCTCGCATAAGAAGTAAAAGTAATAATTATGCAACATATTATGCCGATTCAGTGAAAGACAGATTCACCATCTCCAGAGATGATTCACAAAGCATGCTCTATCTGCAAATGAACAACCTGAAAACTGAGGACACAGCCATGTATTACTGT
GHCM,IGHV,LEWES_EiJ_IGHV10-3,,GAGGTGCAGCTTGTTGAGTCTGGTGGAGGATTGGTGCAGCCTAAAGGATCATTGAAACTCTCATGTGCCACCTCTGGATTCACCTTCAATACCTATGCCATGCACTGGGTCCGCCAGGCTCCAGGAAAGGGTTTGGAATGGGTTGCTCGCATAAGAAGTAAAAGTTACAATTATGCAACATATTATGCCGATTCAGTGAAAGACAGATTCACCATCTCCAGAGATGATTCACAAAGCATGCTCTATCTGCAAATGAACAACCTGAAAACTGAGGACACAGCCATGTATTACTGT
AS2P,IGHV,LEWES_EiJ_IGHV12-1,,CAGATTCAGCTTAAGGAGTCGGGACCTGCTGTCATCAAGCCATCACAGTCACTGTCTCTCACCTGCACAGTCTCTGGATTCTCCATCACAAGTAGTAGTTATTGCTGGCACTGGATCCGCCAGCCCCCAGGAAAGGGGTTAGAGTGGATGGGGCGCATATGTTATGAAGGTTCAATATACTATAGTCCATCCATCAAAAGCCGCAGCACCATCTCCAGAGACACATCTCTGAACAAATTCTTTATCCAGCTGAGCTCTGTGACAAATGAGGACACAGCCATGTACTACTGTTCCAGGGAAAAC
JAWA,IGHV,LEWES_EiJ_IGHV12-2,,CAGATGCAGCTTCAGGAGTCAGGACCTGGCCTGGTGAAACCCTCACAGTCACTCTTCCTCGCCTGCTCTATTACTGGTTTCCCCATCACCAGTGGTTACTACTGGATCTGGATCCGTCAGTCACCTGGGAAACCCCTAGAATGGATGGGGTACATCACTCATAGTGGGGAAACATTCTACAACCCATCCCTCCAGAGCCCCATCTCCATTACTAGAGAAACATCCAAGAACCAGTTCTTTCTGCAATTGAACTCTGTGACCACAGAGGACACAGCCATGTATTACTGTGCAGGAGAC
ACCO,IGHV,LEWES_EiJ_IGHV14-1,,GAGGTTCAGCTGCAGCAGTCTGGGGCAGAGCTTGTGAGGCCAGGGGCCTCAGTCAAGTTGTCCTGCAAGGCTTCTGGCTACACATTTACATACGGCTATCTGCACTGGGTGAAGCAGACTCCTGAACAGGGCCTGGAGTGGATTGGAAGGATTGATCCTGATAATGGTAATACTAAATATGACCCGAAGTTCCAGGGCAAAGCCACTATGACTAGAGACACATCCTCCAGCACAGCCTACATGCAGCTCAGCAGCCTAACATCTGAGGACACTGCTGTCTATTACTGT
QECB,IGHV,LEWES_EiJ_IGHV14-2,IGHV14-1*02|Mus_musculus_129/Sv,GAGGTTCAGCTGCAGCAGTCTGGGGCTGAGCTTGTGAGGCCAGGGGCCTTAGTCAAGTTGTCCTGCAAAGCTTCTGGCTTCAACATTAAAGACTACTATATGCACTGGGTGAAGCAGAGGCCTGAACAGGGCCTGGAGTGGATTGGATGGATTGATCCTGAGAATGGTAATACTATATATGACCCGAAGTTCCAGGGCAAGGCCAGTATAACAGCAGACACATCCTCCAACACAGCCTACCTGCAGCTCAGCAGCCTGACATCTGAGGACACTGCCGTCTATTACTGTG
E7Q2,IGHV,LEWES_EiJ_IGHV14-3,IGHV14-3*02|Mus_musculus_129/Sv,GAGGTTCAGCTGCAGCAGTCTGGGGCAGAGCTTGTGAAGCCAGGGGCCTCAGTCAAGTTGTCCTGCACAGCTTCTGGCTTCAACATTAAAGACACCTATATGCACTGGGTGAAGCAGAGGCCTGAACAGGGCCTGGAGTGGATTGGAAGGATTGATCCTGCGAATGGTAATACTAAATATGACCCGAAGTTCCAGGGCAAGGCCACTATAACAGCAGACACATCCTCCAACACAGCCTACCTGCAGCTCAGCAGCCTGACATCTGAGGACACTGCCGTCTATTACTGTG
H6VA,IGHV,LEWES_EiJ_IGHV14-4,IGHV14-4*02|Mus_musculus_129/Sv,GAGGTTCAGCTGCAGCAGTCTGGGGCAGAGCTTGTGAGGTCAGGGGCCTCAGTCAAGTTGTCCTGCACAGCTTCTGGCTTCAACATTAAAGACTACTATATGCACTGGGTGAAGCAGAGGCCTGAACAGGGCCTGGAGTGGATTGGATGGATTGATCCTGAGAATGGTGATACTGAATATGCCCCGAAGTTCCAGGGCAAGGCCACTATGACTGCAGACACATCCTCCAACACAGCCTACCTGCAGCTCAGCAGCCTGACATCTGAGGACACTGCCGTCTATTACTGT
PZT4,IGHV,LEWES_EiJ_IGHV2-1,,CAGGTGCAGATGAAGCAGTCAGGACCTGGCCTAGTGCAGCCCTCACAGAGCCTGTCCATCACCTGCACAGTCTCTGGTTTCTCATTAACTAGCTATGGTGTACACTGGGTTCGCCAGTCTCCAGGAAAGGGTCTGGAGTGGCTGGGAGTGATATGGAGTGGTGGAAGCACAGACTATAATGCAGCTTTCATTTCCAGACTGAGCATCAGCAAGGACAATTCCAAGAGCCAAGTTTTCTTTAAAATGAACAGTCTGCAAGCTGATGACACAGCCATATACTACTGTGTC
MQX7,IGHV,LEWES_EiJ_IGHV2-2,IGHV2-2*01|Mus_musculus_C57BL/6,CAGGTGCAGCTGAAGCAGTCAGGACCTGGCCTAGTGCAGCCCTCACAGAGCCTGTCCATCACCTGCACAGTCTCTGGTTTCTCATTAACTAGCTATGGTGTACACTGGGTTCGCCAGTCTCCAGGAAAGGGTCTGGAGTGGCTGGGAGTGATATGGAGTGGTGGAAGCACAGACTATAATGCAGCTTTCATATCCAGACTGAGCATCAGCAAGGACAATTCCAAGAGCCAAGTTTTCTTTAAAATGAACAGTCTGCAAGCTGATGACACAGCCATATATTACTGT
V7DR,IGHV,LEWES_EiJ_IGHV2-3,,CAGGTGCAGCTGAAGGAGTCAGGACCTGGCCTGGTGGCGCCCTCACAGAGCCTGTCCATCACATGCACTGTCTCAGGGTTCTCATTAACCGACTATGGTGTAAGCTGGATTCGCCAGTCTCCAGGAAAGGGTCTGGAGTGGCTTGGAGTAATATGGGGTGGTGGAAGCACAAACTATAATTCAGCTCTCAAATCCAGACTGAGCATCAGCAAGGACAACTCCAAGAGCCAAGTTTTCTTAAAAATGAACAGTCTGCAAACTGATGACACAGCCAGGTACTACTGTG
YJ7Z,IGHV,LEWES_EiJ_IGHV2-4,,CAGGTGCAGCTGAAGGAGACAGGACCTGGCCTGGTGGCGCCCTCACAGAGCCTGTCCATCACATGCACCGTCTCAGGGTTCTCATTAACCAGCTATGGTGTACACTGGGTTCGCCAGCCTCCAGGAAAGGGTCTGGAGTGGCTGGTAGTGATATGGAGTGATGGAAGCACAAACTATAATTCAGCTCTCAAATCCAGACTGAGCATCAGCAAGGACAACTCCAAGAGCCAAGTTTTCTTAAAAATGAACAGTCTCCAAACTGATGACACAGCCATGTACTACTGTGCC
CXK4,IGHV,LEWES_EiJ_IGHV2-5,,CAAGTGCAGATGAAGGAGTCAGGACCTGACCTTGTGCAGCCATCACAGACTCTGTCTCTCACCTGCACTGTCTCTGGGTTCTCATTAAGTAGCTATGGTGTACATTGGTTTCGCAAGCCTCCGAGAAAGGGATTGGAATGGTTGGGAGGAATATGGTCTGGTGGAAGCATATACTATAATCCAGCTCTCAGTTCCCGACTGAGTGTCAGCAGGGACATCTCTAAGAGCCAAGTTTTCTTTAAAATGAGCAGTCTGCAAAGTGAAGACACGGCTGTGTACCACTGTGC
UIIH,IGHV,LEWES_EiJ_IGHV2-6,,CAGGTGCAGCTGAAGGAGTCAGGACCTGGCCTGGTGGCGCCCTCACAGAGCCTGTCCATCACTTGCACTGTCTCTGGGTTTTCATTAACCAGCTATGGTGTACACTGGGTTCGCCAGCCTCCAGGAAAGGGTCTGGAGTGGCTGGGAGTAATATGGGCTGGTGGAAGCACAAATTATAATTCGGCTCTCATATCCAGACTGAGCATCAGCAAAGACAACTCCAAGAGCCAAGTTTTCTTAAAAATGAACAGTCTGCAAACTGATGACACAGCCATGTACTACTGTGCC
SPOH,IGHV,LEWES_EiJ_IGHV2-7,,CAGGTGCAGCTGAAGGAGTCAGGACCTGGCCTGGTGGCGCCCTCACAGAGCCTGTTCATCACATGCACCGTCTCAGGGTTCTCATTAACCAGCTATGAAATAAACTGGGTTCGCCAGCCTCCAGGAAAGGGTCTGGAGTGGCTGGGAGTGATATGGACTGGTGGAAGCACAAATTATAATTCAGCTCTCATATCCAGACTGAGCATCAGCAAAGAAAACTCCAAGAGCCTAGTTTTCTTAAAAATGAACAGTCTGCAAACTGATGACACAGCCATATATTACTGTGTAAG
MM6D,IGHV,LEWES_EiJ_IGHV3-1,IGHV3-1*02|Mus_musculus_129/Sv,GATGTGCAGCTTCAGGAGTCAGGACCTGACCTGGTGAAACCTTCTCAGTCACTTTCACTCACCTGCACTGTCACTGGCTACTCCATCACCAGTGGTTATAGCTGGCACTGGATCCGGCAGTTTCCAGGAAACAAACTGGAATGGATGGGCTACATACACTACAGTGGTAGCACTAACTACAACCCATCTCTCAAAAGTCGAATCTCTATCACTCGAGACACATCCAAGAACCAGTTCTTCCTGCAGTTGAATTCTGTGACTACTGAGGACACAGCCACATATTACTGT
NROW,IGHV,LEWES_EiJ_IGHV3-2,,GATGTGCAGCTTCAGGAGTCGGGACCTGGCCTGGTGAAACCTTCTCAGTCTCTGTCCCTCACCTGCACTGTCACTGGCTACTCAATCACCAGTGGTTATGCCTGGAACTGGATCCGGCAGTTTCCAGGAAACAAACTGGAGTGGATGGGCTACATAATCTACAGTGGTAGCACTAACTACAACCCATCTCTCAAAAGTCGAATCTCTATCACTCGAGACACATCCAAGAACCAGTTCTTCCTGCAGTTGAATTCTGTGACTACTGAGGACACAGCCACATATTACTGTGCAA
3JO6,IGHV,LEWES_EiJ_IGHV3-3,IGHV3-2*02|Mus_musculus_129/Sv,GATGTGCAGCTTCAGGAGTCGGGACCTGGCCTGGTGAAACCTTCTCAGTCTCTGTCCCTCACCTGCACTGTCACTGGCTACTCAATCACCAGTGATTATGCCTGGAACTGGATCCGGCAGTTTCCAGGAAACAAACTGGAGTGGATGGGCTACATAAGCTACAGTGGTAGCACTAGCTACAACCCATCTCTCAAAAGTCGAATCTCTATCACTCGAGACACATCCAAGAACCAGTTCTTCCTGCAGTTGAATTCTGTGACTACTGAGGACACAGCCACATATTACTGTG
Q4FB,IGHV,LEWES_EiJ_IGHV3-4,,GATGTACAGCTTCAGGAGTCAGGACCTGGCCTCGTGAAACCTTCTCAGTCTCTGTCTCTCACCTGCTCTGTCACTGGCTACTCCATCACCAGTGATTATTACTGGCACTGGATCCGGCAGTTTCCAGGAAACAAACTGGAGTGGATGGGCTACATAAGCTATGATGGTAGCAATAACTACAACCCATCTCTCAAAAATCGAATCTCCATCACTCGTGACACATCTAAGAATCAGTTCTTCCTGAAGTTGAATTCTGTGACTACTGAGGACACAGCCACATATTACTGTGC
JQQ7,IGHV,LEWES_EiJ_IGHV4-1,IGHV4-1*02|Mus_musculus_129/Sv,GAGGTGAAGCTTCTCGAGTCTGGAGGTGGCCTGGTGCAGCCTGGAGGATCCCTGAAACTCTCCTGTGCAGCCTCAGGATTCGATTTTAGTAGATACTGGATGAGTTGGGTCCGGCAGGCTCCAGGGAAAGGGCTAGAATGGATTGGAGAAATTAATCCAGATAGCAGTACGATAAACTATACGCCATCTCTAAAGGATAAATTCATCATCTCCAGAGACAACGCCAAAAATACGCTGTACCTGCAAATGAGCAAAGTGAGATCTGAGGACACAGCCCTTTATTACTGT
2ZNU,IGHV,LEWES_EiJ_IGHV4-2,,GAGGTGAAGCTTCTCGAGTCTGGAGGTGGCCTGGTGCAGCCTGGAGGATCCCTGAATCTCTCTTGTGCAGCCTCAGGATTCGATTTTAGTAAAGACTGGATGAGTTGGGTCCGGCAGGCTCCAGGGAAAGGGCTAGAATGGATTGGAGAAATTAATCCAGGTAGCAGTACGATAAACTATGCACCATCTCTAAAGGATAAATTCATCATCTCCAGAGACAACGCCAAAAATACGCTGTACCTGCAAATGAGCAAAGTGAGATCTGAGGACACAGCCCTTTATTACTGTG
LUAR,IGHV,LEWES_EiJ_IGHV4-3,IGHV4-2*02|Mus_musculus_129/Sv,GAGGTGAAGCTTCTCGAGTCTGGAGGTGGCCTGGTGCAGCCTGGAGGATCCCTGAATCTCTCCTGTGCAGCCTCAGGATTCGATTTTAGTAGATACTGGATGAGTTGGGCTCGGCAGGCTCCAGGGAAAGGGCAGGAATGGATTGGAGAAATTAATCCAGGAAGCAGTACGATAAACTATACGCCATCTCTAAAGGATAAATTCATCATCTCCAGAGACAACGCCAAAAATACGCTGTACCTGCAAATGAGCAAAGTGAGATCTGAGGACACAGCCCTTTATTACTGTG
FN67,IGHV,LEWES_EiJ_IGHV5-1,,GACGTGAAGCTGGTGGAGTCTGGGGGAGGCTTAGTGAAGCCTGAAGGGTCCCTGAAACTCTCCTGTGCAGCCTCTGGATTCGCTTTCAGTAGCTATGGCATGGCTTGGGTTCGACAGACTCCGGAGAAGAGGCTGGAGTGGGTCGCAACCATTAGTAATGGTGGTGTTAGCACCTACTATCCAGACAATGTAAAGGGCCGATTCACCATCTCCAGAGACAATGCCAAGAACACCCTTTACCTGCAAATGAGCAGTCTGAAGTCTGAGGACACAGCCATGTATTACTGTACA
4JDX,IGHV,LEWES_EiJ_IGHV5-2,,GAGTTGCAGCTGGTGGAGTCTGGGGGAGGCTTAGTGCAGCCTGGAGGGTCCCTGAAACTCTCCTGTGCAGCCTCTGGATTTACATTCAGTAGCCATTTCATGGCATGGGTCCGCCAAACTCCAGAGAAAAGACTGGAGTGGGCCGCAAACATTTATCCTGATGGTGGTACCGCCTACTATCCAAACACTGTGAAGGGCCGATTCACCATCTCCAGAGACAATGCCAGGAATATCATGTACCTGCAAATGAGCAGTCTGAGGTCTGAGGACACGGCCATGTATTACTGTGTAAGACA
GNOX,IGHV,LEWES_EiJ_IGHV5-3,IGHV5-15*02|Mus_musculus_129/Sv,GAGGTGAAGCTGGTGGAGTCTGGGGGAGGCTTAGTGCAGCCTGGAGGGTCCCGGAAACTCTCCTGTGCAGCCTCTGGATTCACTTTCAGTGACTACGGAATGGCGTGGGTTCGACAGGCTCCAGGGAAGGGGCCTGAGTGGGTAGCATTCATTAGTAATTTGGCATATAGTATCTACTATGCAGACACTGTGACGGGCCGATTCACCATCTCTAGAGAGAATGCCAAGAACACCCTGTACCTGGAAATGAGCAGTCTGAGGTCTGAGGACACAGCCATGTACTACTGTGCAAG
F77Z,IGHV,LEWES_EiJ_IGHV5-4,,GAGGTGAAGCTGGTGGAGTCTGGGGGAGGCTTAGTGCAGCCTGGAGGGTCCCGGAAACTCTCCTGTGCAGCCTCTGGATTCACTTTCAGTGACTACGGAATGGTGTGGGTTCGACAGGCTCCAGGGAAGGGGCTGGAGTGGGTTGCATACATTAGTAGTGGCAGTAGTACCATCTACTATGCAGACACAGTGAAGGGCCGATTCACCATCTCCAGAGACAATCCCAAGAACACCCTGTTCCTGCAAATGAGCAGTCTAAGGTCTGAGGACACGGCCATGTATTACTGTGC
HAGV,IGHV,LEWES_EiJ_IGHV5-5,,GACGTGAAGCTCGTGGAGTCTGGGGGAGGCTTAGTGAAGCTTGGAGGGTCCCTGAAACTCTCCTGTGCAGCCTCTGGATTCACTTTCAGTAGCTATTACATGTCTTGGGTTCGCCAGACTCCGGAGAAGAGGCTGGAGTGGGTCGCAGAAATTAGTAATAGTGGTGGTAACACCTACTATCCAGACACTGTGAAGGGTCGATTCACCATCTCCAGAGACAATGCCAAGAACACCCTGTACCTGCAAATGAGCAGTCTGAATTCTGAGGACACAGCCGTGTATTACTGTG
Z2MU,IGHV,LEWES_EiJ_IGHV6-1,,GAAGTGAAGCTTGAGGAGTCTGGAGGAGGCTTGGTGCAACCTGGAGGATCCATGAAACTCTCCTGTGTTGCCTCTGGATTCACTTTCAGTAACTACTGGATGTACTGGGTCCGCCAGTCTCCAGAGAAGGGACTTGAGTGGGTTGCTGAAATTAGATTGAAATCTGATAATTATGCAACACATTATGCGGAGTCTGTGAAAGGGAGGTTCACCATCTCAAGAGATGATTCCAAAAGTAGTGTCTACCTGCAAATGAACAGCTTAAGGGCTGAAGACACTGGAATTTATTACTGC
Y4VK,IGHV,LEWES_EiJ_IGHV6-2,,GAAGGGAAGCTTGAGGAGTCTGGAGGAGGCTTGGTGCAACCTGGAGGATCCATAAAACTCTCCTGTGCTGCCTCTGGATTCACTTTTAGTGACGCCTGGATGGACTGGGTCCGCCAGTCTCCAGAGAAGGGACTTGAGTGGGTTGCTGAAATTAGAAACAAAGCTAGTAATTATGCAACATACTATGCTGAGTTTGTGAAAGGGAGGTTCACCATCTCAAGAGATGATTCCAAAAGTAGTGTCTACCTGCAAATGAACACCTTAAGAGCTGAAGACACCGGCATTTATTACTGT
BCDK,IGHV,LEWES_EiJ_IGHV6-3,,GAGGTGAAGCTGGATGAGACTGGAGGAGGCTTGGTGCAACCTGGGAGGTCCATGAAACTCTCCTGTGTTGCCTCTGGATTCACTTTTAGTGACTACTGGATGAACTGGGTCCGCCAGTCTCCAGAGAAAGGACTGGAGTGGGTAGCACAAATTAGAAACAAACCTTATAATTATGAAACATATTATTCAGATTCTGTGAAAGGCAGATTCACCATCTCAAGAGATGATTCCAAAAGTAGTGTCTACCTGCAAATGAATAACTTAAGAGCTGAAGACATGGGTATCTATTACTGTAC
3AP5,IGHV,LEWES_EiJ_IGHV7-1,IGHV7-1*02|Mus_musculus_129/Sv,GAGGTGAAGCTGGTGGAATCTGGAGGAGGCTTGGTACAGCCTGGGGGTTCTCTGAGACTCTCCTGTGCAACTTCTGGGTTCACCTTCAGTGATTTCTACATGGAGTGGGTCCGCCAGCCTCCAGGGAAGAGACTGGAGTGGATTGCTGCAAGTAGAAACAAAGCTAATGATTATACAACAGAGTACAGTGCATCTGTGAAGGGTCGGTTCATCGTCTCCAGAGACACTTCCCAAAGCATCCTCTACCTTCAGATGAATGCCCTGAGAGCTGAGGACACTGCCATTTATTACTGTGCAAGA
PSQP,IGHV,LEWES_EiJ_IGHV7-2,,GAGGTGAAGCTGGTGGAGTCTGGAGGAGGCTTGGTACAGCCTGGGGCTTCTCTGAGACTCTCCTGTGCAACTTCTGGATTCACCTTCACTGATTACTACATGAACTGGGTCCGCCAGCCTCCAGGGAAGGCACTTGAGTGGTTGGGTTTTATTAGAAACAAAGCTAATGGTTACACAACAGAGTACAGTGCATCTGTGAAGGGTCGGTTCACCATCTCCAGAGATAATTCCCAAAGCATCCTCTATCTTCAAATGAACACACTGAGAGCTGAGGACAGTGCCACTTATTACTGTGC
ITQ5,IGHV,LEWES_EiJ_IGHV7-3,IGHV7-3*02|Mus_musculus_129/Sv,GAGGTGAAGCTGGTGGAGTCTGGAGGAGGCTTGGTACAGCCTGGGGGTTCTCTGAGACTCTCCTGTGCAACTTCTGGGTTCACCTTCACTGATTACTACATGAGCTGGGTCCGCCAGCCTCCAGGAAAGGCACTTGAGTGGTTGGGTTTTATTAGAAACAAAGCTAATGGTTACACAACAGAGTACAGTGCATCTGTGAAGGGTCGGTTCACCATCTCCAGAGATAATTCCCAAAGCATCCTCTATCTTCAAATGAACACCCTGAGAGCTGAGGACAGTGCCACTTATTACTGTGC
AHDQ,IGHV,LEWES_EiJ_IGHV8-1,,CAGGTTACTCTGAAAGAGTCTGGCCCTGGGATATTGCAGCCCTCCCAGACCCTCAGTCTGACTTGTTCTTTCTCTGGGTTTTCACTGAGCACTTTTGATATGGGTGTAGGCTGGATTCGTCAGCCTTCAGGGAAGGGTCTGGAGTGGCTGGCAAACATTTGGTGGAATGATAATAAGTACTATAACTCAGCCCTGAAGAGCCGGCTCACAATCTCCAAGGATACCTCCAACAACCAGGTATTCCTCAAGATCTCCAGTGTGGACACTGCAGATACTGCCACATACTACTGTGCTCAAAT
S4M5,IGHV,LEWES_EiJ_IGHV8-2,,CAGGTTACTCTGAAAGAGTCTGGCCCTGGGATATTGCAGCCCTCCCAGACCCTCAGTCTGACTTGTTCTTTCTCTGGGTTTTCACTGAGCACTTCTGGTATGGGTGTGAGCTGGATTCGTCAGCCTTCAGGAAAGGGTCTGGAGTGGCTGGCACACATTTACTGGGATGATGACAAGCGCTATAACCCATCCCTGAAGAGCCGGCTCACAATCTCCAAGGATACCTCCAGCAACCAAGTATTCCTCAAGATCACCAGTGTGGACACTGCAGATACTGCCACATACTACTGTGCTCG
3D4L,IGHV,LEWES_EiJ_IGHV8-3,,CAGGTTACTCTGAAAGAGTCTGGCCCTGGGATATTGCAGCCATCACAGACGCTCAGCCTGGCCTGTACTTTCTCTGGGATTTCACTGAGTACTTCTGGTATGGGTTTGAGCTGGCTTCGTAAGCCCTCAGGGAAGGCTTTAGAGTGGCTGGCAAGCATTTGGAATAATGATAACTACTACAACCCATCTTTGAAGAGCCGGCTCACAATCTCCAAGGAGACCTCCAACAACCAAGTATTCCTTAAACTCACCAGTGTGGACACTGCAGATTCTGCCACATACTACTGTGCTTGGAGA
LXLP,IGHV,LEWES_EiJ_IGHV8-4,,CAGGTTACTCTGAAAGAGTCTGGCCCTGGGATATTGCAGCCCTCCCAGACCCTCAGTCTGACTTGTTCTTTCTCTGGGTTTTCACTGAGCACTTCTGGTATGGGTGTAGGCTGGATTCGTCAGCCTTCAGGGAAGGGTCTGGAGTGGCTGGCACACATTTGGTGGAATGATGTCAAGCCCTATAACCCAGCCCTGAAGAGCCGACTGACTATCTCCAAGGATACCTCCAGCAGCCAGGTATTCCTCAAGATCGCCAGTGTGGACACTGCAGATACTGCCACATACTACTGTGCTCGAAT
P2SD,IGHV,LEWES_EiJ_IGHV9-1,,CAGATCCATTTGGTGCAGTCTGGACCTGAGCTGAAGAAGCCTGGAGAGACAGTCAAGATCTCCTGCCAGGCTTCTGGGTATACCTTCACAGGCTATTCAATGCACTGGGTGAAGCAGGCTCCAAGAAAGGGTTTAAAGTGGATGGGCTTGATATACACCAACACTGGAGAGCCAACATATGATGAAGAGTTCAAGGGACGGTTTGCCTTCTCTTTGGAAACCTCTGCCAGCACTGCCTATTTGCAGATCAACAACCTCAAAAATGAGGACATGGCTACATATTTCTGTG
NZDB,IGHV,LEWES_EiJ_IGHV9-2,IGHV9-2-1*01|Mus_musculus_129/Sv,CAGATCCAGTTGGTGCAGTCTGGACCTGAGCTGAAGAAGCCTGGAGAGACAGTCAAGATCTCCTGCAAGGCTTCTGGTTATACCTTCACAGACTATTCAATGCACTGGGTGAAGCAGGCTCCAGGAAAGGGTTTAAAGTGGATGGGCTGGATAAACACTGAGACTGGTGAGCCAACATATGCAGATGACTTCAAGGGACGGTTTGCCTTCTCTTTGGAAACCTCTGCCAGCACTGCCTATTTGCAGATCAACAACCTCAAAAATGAGGACACGGCTACATATTTCTGTG
RMID,IGHV,LEWES_EiJ_IGHV9-3,,CAGATCCAGTTGGTGCAGTCTGGACCTGAGCTGAAGAAGCCTGGAGAGACAGTCAAGATCTCCTGCAAGGCTTCTGGGTATACCTTCACAGACTATTCAATGCACTGGGTGAAGCAGGCTCCAAGAAAGGGTTTAAAGTGGATGGGCTGGATAAACACCAAGACTGGTGTGCCAACATATGCTGAAGAGTTCAAGGGACGGTTTGCCTTCTCTTTGGAAACCTCTGCCAGCACTGCCTATTTGCAGATCAACAACCTCAAAAATGAGGACATGGCTACATATTTCTGTGC
6HGI,IGHV,LEWES_EiJ_IGHV9-4,,CAGATCCAGTTGGTGCAGTCTGGACCTGAGCTGAAGAAGCCTGGAGAGACAGTCAAGATCTCCTGCAAGGCTTCTGGGTATACCTTCACCAACTATGCAATGCACTGGGTGAAGCAGGCTCCAGGAAAGGGTTTAAAGTGGATGGGCTGGATATACACCAACACTGGAGAGCCAACATATGCTGATGACTTCAAGGGACGGTTTGCCTTCTCTTTGGAAACCTCTGCCAGCACTGCCTATTTGCAGATCAACAACCTCAAAAATGAGGACATGGCTACATATTTCTGTGC
S6NR,IGHV,LEWES_EiJ_IGHV9-5,,CAGATCCAGTTCGTGCAGTCTGGATCTGAGCTGAAGAAGCCTGGAGAGACAGTCAAGATCTCCTGCAAGGCTTCTGGGTATACCTTTACAAACTATCCAATGCACTGGGTGAAGCAGGCTCCAGGAAAGGCTTTCAAGTGGATGGGCTGGATAAACACCAACACTGGAGAGCCAACATATGCTGATGACTTCAAGGGACGGTTTGCCTTCTCTTTGGAAACCTCTGCCAGCACTGCCTATTTGCAGATCAACAACCTCAAAAATGAGGACACAGCTACATATTTCTGTGC
TKIN,IGHV,LEWES_EiJ_IGHV9-6,IGHV9-3-1*01|Mus_musculus_129/Sv,CAGATCCAGTTGGTGCAGTCTGGACCTGAGCTGAAGAAGCCTGGAGAGACAGTCAAGATCTCCTGCAAGGCTTCTGGGTATACCTTCACAAACTATGGAATGAACTGGGTGAAGCAGGCTCCAGGAAAGGGTTTAAAGTGGATGGGCTGGATAAACACCTACACTGGAGAGCCAACATATGCTGATGACTTCAAGGGACGGTTTGCCTTCTCTTTGGAAACCTCTGCCAGCACTGCCTATTTGCAGATCAACAACCTCAAAAATGAGGACACGGCTACATATTTCTGTGC
