label,sequences,longest_seq,contributor,first_added,last_updated
XQGP,GACATTGTGATGACCCAGTCTCAAAAATTCATGTCCACATCAGTAGGAGACAGGGTCAGCATCAGCTGCAAGGCCAGTCAGAATGTGGGTAATATTATAGCCTGGTATCAACAGAAACCAGGGCAATCTCCTAAAGCACTGATTTACTTGGCATCCTACCGGTACAGTGGAGTCCCTGATCGCTTCACAGGCAGTGGATCTGGGACAGATTTCACTCTCACCATTAGCAATGTGCAGTCTGAAGACTTGGCAGAGTATTTCTGTCAGCAATATAGCAGCTCTCCTCT,GACATTGTGATGACCCAGTCTCAAAAATTCATGTCCACATCAGTAGGAGACAGGGTCAGCATCAGCTGCAAGGCCAGTCAGAATGTGGGTAATATTATAGCCTGGTATCAACAGAAACCAGGGCAATCTCCTAAAGCACTGATTTACTTGGCATCCTACCGGTACAGTGGAGTCCCTGATCGCTTCACAGGCAGTGGATCTGGGACAGATTTCACTCTCACCATTAGCAATGTGCAGTCTGAAGACTTGGCAGAGTATTTCTGTCAGCAATATAGCAGCTCTCCTCT,"Kos et al., 2022",2022-04-24 22:42:58,2022-04-24 22:42:58
HY5X,AACATTGTAATGACCCAATCTCCCAAATCCATGTCCATGTCAGTAGGAGAGAGGGTCACCTTGAGCTGCAAGGCCAGTGAGAATGTGGGTACTTATGTATCCTGGTATCAACAGAAACCAGAGCAGTCTCCTAAACTGCTGATATACGGGGCATCCAACCGGTACACTGGGGTCCCCGATCGCTTCACAGGCAGTGGATCTGCAACAGATTTCACTCTGACCATCAGCAGTGTGCAGGCTGAAGACCTTGCAGATTATTACTGTGGACAGAGTTACAGCTATCCTCC,AACATTGTAATGACCCAATCTCCCAAATCCATGTCCATGTCAGTAGGAGAGAGGGTCACCTTGAGCTGCAAGGCCAGTGAGAATGTGGGTACTTATGTATCCTGGTATCAACAGAAACCAGAGCAGTCTCCTAAACTGCTGATATACGGGGCATCCAACCGGTACACTGGGGTCCCCGATCGCTTCACAGGCAGTGGATCTGCAACAGATTTCACTCTGACCATCAGCAGTGTGCAGGCTGAAGACCTTGCAGATTATTACTGTGGACAGAGTTACAGCTATCCTCC,"Kos et al., 2022",2022-04-24 22:42:58,2022-04-24 22:42:58
I5Q5,GATGTTGTGATGACCCAGACTCCACTCACTTTGTCGGTTACCATTGGACAACCAGCCTCCATCTCTTGCAAGTCAAGTCAGAGCCTCTTAGATAGTGATGGAAAGACATATTTGAATTGGTTGTTACAGAGGCCAGGCCAGTCTCCAAAGCGCCTAATCTATCTGGTGTCTAAACTGGACTCTGGAGTCCCTGACAGGTTCACTGGCAGTGGATCAGGGACAGATTTCACACTGAAAATCAGCAGAGTGGAGGCTGAGGATTTGGGAGTTTATTATTGCTGGCAAGGTACACATTTTCCTCA,GATGTTGTGATGACCCAGACTCCACTCACTTTGTCGGTTACCATTGGACAACCAGCCTCCATCTCTTGCAAGTCAAGTCAGAGCCTCTTAGATAGTGATGGAAAGACATATTTGAATTGGTTGTTACAGAGGCCAGGCCAGTCTCCAAAGCGCCTAATCTATCTGGTGTCTAAACTGGACTCTGGAGTCCCTGACAGGTTCACTGGCAGTGGATCAGGGACAGATTTCACACTGAAAATCAGCAGAGTGGAGGCTGAGGATTTGGGAGTTTATTATTGCTGGCAAGGTACACATTTTCCTCA,"Kos et al., 2022",2022-04-24 22:42:58,2022-04-24 22:42:58
7OIA,GATATTGTGCTAACTCAGTCTCCAGCCACCCTGTCTGTGACTCCAGGAGATAGAGTCAGTCTTTCCTGCAGGGCCAGCCAAAGTATTAGCAACTACCTACACTGGTATCAACAAAAATCACATGAGTCTCCAAGGCTTCTCATCAAGTATGCTTCCCAGTCCATCTCTGGGATCCCCTCCAGGTTCAGTGGCAGTGGATCAGGGACAGATTTCACTCTCAGTATCAACAGTGTGGAGACTGAAGATTTTGGAATGTATTTCTGTCAACAGAGTAACAGCTGGCCTCA,GATATTGTGCTAACTCAGTCTCCAGCCACCCTGTCTGTGACTCCAGGAGATAGAGTCAGTCTTTCCTGCAGGGCCAGCCAAAGTATTAGCAACTACCTACACTGGTATCAACAAAAATCACATGAGTCTCCAAGGCTTCTCATCAAGTATGCTTCCCAGTCCATCTCTGGGATCCCCTCCAGGTTCAGTGGCAGTGGATCAGGGACAGATTTCACTCTCAGTATCAACAGTGTGGAGACTGAAGATTTTGGAATGTATTTCTGTCAACAGAGTAACAGCTGGCCTCA,"Kos et al., 2022",2022-04-24 22:42:58,2022-04-24 22:42:58
HJPD,GATATTGTGATGACTCAGGCTGCACCCTCTGTACCTGTCACTCCTGGAGAGTCAGTATCCATCTCCTGCAGGTCTAGTAAGAGTCTCCTGCATAGTAATGGCAACACTTACTTGTATTGGTTCCTGCAGAGGCCAGGCCAGTCTCCTCAGCTCCTGATATATCGGATGTCCAACCTTGCCTCAGGAGTCCCAGACAGGTTCAGTGGCAGTGGGTCAGGAACTGCTTTCACACTGAGAATCAGTAGAGTGGAGGCTGAGGATGTGGGTGTTTATTACTGTATGCAACATCTAGAATATCCTTT,GATATTGTGATGACTCAGGCTGCACCCTCTGTACCTGTCACTCCTGGAGAGTCAGTATCCATCTCCTGCAGGTCTAGTAAGAGTCTCCTGCATAGTAATGGCAACACTTACTTGTATTGGTTCCTGCAGAGGCCAGGCCAGTCTCCTCAGCTCCTGATATATCGGATGTCCAACCTTGCCTCAGGAGTCCCAGACAGGTTCAGTGGCAGTGGGTCAGGAACTGCTTTCACACTGAGAATCAGTAGAGTGGAGGCTGAGGATGTGGGTGTTTATTACTGTATGCAACATCTAGAATATCCTTT,"Kos et al., 2022",2022-04-24 22:42:58,2022-04-24 22:42:58
EISK,GACATCCAGATGACTCAGTCTCCAGCCTCCCTATCTGTATCTGTGGGAGAAACTGTCACCATCACATGTCGAGCAAGTGAGAATATTTACAGTAATTTAGCATGGTATCAGCAGAAACAGGGAAAATCTCCTCAGCTCCTGGTCTATGCTGCAACAAACTTAGCAGATGGTGTTCCATCAAGGTTCAGTGGCAGTGGATCAGGCACACAGTATTCCCTCAAGATCAACAGCCTGCAGTCTGAAGATTTTGGGAGTTATTACTGTCAACATTTTTGGGGTACTCCTCC,GACATCCAGATGACTCAGTCTCCAGCCTCCCTATCTGTATCTGTGGGAGAAACTGTCACCATCACATGTCGAGCAAGTGAGAATATTTACAGTAATTTAGCATGGTATCAGCAGAAACAGGGAAAATCTCCTCAGCTCCTGGTCTATGCTGCAACAAACTTAGCAGATGGTGTTCCATCAAGGTTCAGTGGCAGTGGATCAGGCACACAGTATTCCCTCAAGATCAACAGCCTGCAGTCTGAAGATTTTGGGAGTTATTACTGTCAACATTTTTGGGGTACTCCTCC,"Kos et al., 2022",2022-04-24 22:42:58,2022-04-24 22:42:58
O6XM,GACATTGTGATGTCACAGTCTCCATCCTCCCTGGCTGTGTCAGCAGGAGAGAAGGTCACTATGAGCTGCAAATCCAGTCAGAGTCTGTTCAACAGTAGAACCCGAAAGAACTACTTGGCTTGGTACCAGCAGAAACCAGGGCAGTCTCCTAAACTGCTGATCTACTGGGCATCCACTAGGGAATCTGGGGTCCCTGATCGCTTCACAGGCAGTGGATCTGGGACAGATTTCACTCTCACCATCAGCAGTGTGCAGGCTGAAGACCTGGCAGTTTATTACTGCAAGCAATCTTATTATCTTCC,GACATTGTGATGTCACAGTCTCCATCCTCCCTGGCTGTGTCAGCAGGAGAGAAGGTCACTATGAGCTGCAAATCCAGTCAGAGTCTGTTCAACAGTAGAACCCGAAAGAACTACTTGGCTTGGTACCAGCAGAAACCAGGGCAGTCTCCTAAACTGCTGATCTACTGGGCATCCACTAGGGAATCTGGGGTCCCTGATCGCTTCACAGGCAGTGGATCTGGGACAGATTTCACTCTCACCATCAGCAGTGTGCAGGCTGAAGACCTGGCAGTTTATTACTGCAAGCAATCTTATTATCTTCC,"Kos et al., 2022",2022-04-24 22:42:58,2022-04-24 22:42:58
2PJY,GACATCCAGATGACTCAGTCTCCAGCCTCCCTATCTGCATCTGTGGGAGAAACTGTCACCATCACATGTCGAGCAAGTGAGAATATTTACAGTAATTTAGCATGGTATCAGCAGAAACAGGGAAAATCTCCTCAGCTCCTGGTCTATGCTGCAACAAATTTAGCAGATGGTGTGCCATCAAGGTTCAGTGGCAGTGGATCAGGCACACAGTTTTCTCTGAAGATCAACAGCCTGCAGCCTGAAGATTTTGGGAGTTATTACTGTCAACATTTTTATGGTACTCCTCC,GACATCCAGATGACTCAGTCTCCAGCCTCCCTATCTGCATCTGTGGGAGAAACTGTCACCATCACATGTCGAGCAAGTGAGAATATTTACAGTAATTTAGCATGGTATCAGCAGAAACAGGGAAAATCTCCTCAGCTCCTGGTCTATGCTGCAACAAATTTAGCAGATGGTGTGCCATCAAGGTTCAGTGGCAGTGGATCAGGCACACAGTTTTCTCTGAAGATCAACAGCCTGCAGCCTGAAGATTTTGGGAGTTATTACTGTCAACATTTTTATGGTACTCCTCC,"Kos et al., 2022",2022-04-24 22:42:58,2022-04-24 22:42:58
3OBP,GACATTGTGATGACACAGTCTCCATCCTCCCTGACTGTGACAGCAGGAGAGAAGGTCACTATGAGCTGCAAGTCCAGTCAGAGTCTGTTAAACAGTGGAAATCAAAAGAACTACTTGACCTGGTACCAGCAGAAACCAGGGCAGCCTCCTAAACTGTTGATCTACTGGGCATCCACTAGGGAATCTGGGGTCCCTGATCGCTTCACAGGCAGTGGATCTGGAACAGATTTCACTCTCACCATCAGCAGTGTGCAGGCTGAAGACCTGGCAGTTTATTACTGTCAGAATGATTATAGTTATCCTCC,GACATTGTGATGACACAGTCTCCATCCTCCCTGACTGTGACAGCAGGAGAGAAGGTCACTATGAGCTGCAAGTCCAGTCAGAGTCTGTTAAACAGTGGAAATCAAAAGAACTACTTGACCTGGTACCAGCAGAAACCAGGGCAGCCTCCTAAACTGTTGATCTACTGGGCATCCACTAGGGAATCTGGGGTCCCTGATCGCTTCACAGGCAGTGGATCTGGAACAGATTTCACTCTCACCATCAGCAGTGTGCAGGCTGAAGACCTGGCAGTTTATTACTGTCAGAATGATTATAGTTATCCTCC,"Kos et al., 2022",2022-04-24 22:42:58,2022-04-24 22:42:58
ZAOZ,GACATCCAGATGACTCAGTCTCCAGCTTCCCTGTCTGCATCTGTGGGAGAAACTGTCACCATCACATGTCGAGCAAGTGAGAATATTGACAGTTATTTAGCATGGTATCAGCAGAAACAGGGAAAATCTCCTCAGCTCCTGGTCTATGCTGCAACACTCTTAGCAGATGGTGTGCCATCAAGGTTCAGTGGCAGTGGATCAGGCACACAGTATTCTCTCAAGATCAACAGCCTGCAGTCTGAAGATGTTGCGAGATATTACTGTCAACATTATTATAGTACTCCTCC,GACATCCAGATGACTCAGTCTCCAGCTTCCCTGTCTGCATCTGTGGGAGAAACTGTCACCATCACATGTCGAGCAAGTGAGAATATTGACAGTTATTTAGCATGGTATCAGCAGAAACAGGGAAAATCTCCTCAGCTCCTGGTCTATGCTGCAACACTCTTAGCAGATGGTGTGCCATCAAGGTTCAGTGGCAGTGGATCAGGCACACAGTATTCTCTCAAGATCAACAGCCTGCAGTCTGAAGATGTTGCGAGATATTACTGTCAACATTATTATAGTACTCCTCC,"Kos et al., 2022",2022-04-24 22:42:58,2022-04-24 22:42:58
H7WL,GACATTGTGATGACCCAGTCTCAAAAATTCATGTCCACATCAGTAGGAGACAGGGTCAGCGTCACCTGCAAGGCCAGTCAGTATGTGGGTACTTATGTAGCCTGGTATCAACAGAAACCAGGACAATCTCCTAAAGCACTGATTTACTCGGCATCCACCCGGCACACTGGAGTCCCTGATCGCTTCACAGGCAGTGGATCTGGGACAGATTTCACTCTCACCATTAGCAATGTGCAGTCTGAAGACTTGGCAGAGTATTTCTGTGAGCAATACAGCAGCTCTCCTCT,GACATTGTGATGACCCAGTCTCAAAAATTCATGTCCACATCAGTAGGAGACAGGGTCAGCGTCACCTGCAAGGCCAGTCAGTATGTGGGTACTTATGTAGCCTGGTATCAACAGAAACCAGGACAATCTCCTAAAGCACTGATTTACTCGGCATCCACCCGGCACACTGGAGTCCCTGATCGCTTCACAGGCAGTGGATCTGGGACAGATTTCACTCTCACCATTAGCAATGTGCAGTCTGAAGACTTGGCAGAGTATTTCTGTGAGCAATACAGCAGCTCTCCTCT,"Kos et al., 2022",2022-04-24 22:42:58,2022-04-24 22:42:58
G7OR,GATGTTGTGATGACCCAAACTCCACTCTCCCTGCCTGTCAGTCTTGGAGATCAAGCCTCCATCTCTTGCAGATCTAGTCAGAGCCTTGTACACAGTAATGGAAACACCTATTTACATTGGTACCTGCAGAAGCCAGGCCAGTCTCCAAAGCTCCTGATCTACAAAGTTTCCAACCGATTTTCTGGGGTCCCAGACAGGTTCAGTGGCAGTGGATCAGGGACAGATTTCACACTCAAGATCAGCAGAGTGGAGGCTGAGGATCTGGGAGTTTATTTCTGCTCTCAAAGTACACATGTTCCTCC,GATGTTGTGATGACCCAAACTCCACTCTCCCTGCCTGTCAGTCTTGGAGATCAAGCCTCCATCTCTTGCAGATCTAGTCAGAGCCTTGTACACAGTAATGGAAACACCTATTTACATTGGTACCTGCAGAAGCCAGGCCAGTCTCCAAAGCTCCTGATCTACAAAGTTTCCAACCGATTTTCTGGGGTCCCAGACAGGTTCAGTGGCAGTGGATCAGGGACAGATTTCACACTCAAGATCAGCAGAGTGGAGGCTGAGGATCTGGGAGTTTATTTCTGCTCTCAAAGTACACATGTTCCTCC,"Kos et al., 2022",2022-04-24 22:42:58,2022-04-24 22:42:58
YJX4,AGTATTGTGATGACCCAGACTCCCAAATTCCTGCCTGTATCAGCAGGAGACAGGGTTACCATGACCTGCAAGGCCAGTCAGAGTGTGGGTAATAATGTAGCCTGGTACCAACAGAAGCCAGGACAGTCTCCTAAACTGCTGATATACTATGCATCCAATCGCTACACTGGAGTCCCTGATCGCTTCACTGGCAGTGGATCTGGGACAGATTTCACTTTCACCATCAGCAGTGTGCAGGTTGAAGACCTGGCAGTTTATTTCTGTCAGCAGCATTATAGCTCTCCTCC,AGTATTGTGATGACCCAGACTCCCAAATTCCTGCCTGTATCAGCAGGAGACAGGGTTACCATGACCTGCAAGGCCAGTCAGAGTGTGGGTAATAATGTAGCCTGGTACCAACAGAAGCCAGGACAGTCTCCTAAACTGCTGATATACTATGCATCCAATCGCTACACTGGAGTCCCTGATCGCTTCACTGGCAGTGGATCTGGGACAGATTTCACTTTCACCATCAGCAGTGTGCAGGTTGAAGACCTGGCAGTTTATTTCTGTCAGCAGCATTATAGCTCTCCTCC,"Kos et al., 2022",2022-04-24 22:42:58,2022-04-24 22:42:58
S6TW,GACATCCAGATGACTCAGTCTCCAGCCTCCCTATCTGCATCTGTGGGAGAAACTGTCACCATCACATGTCGAGCAAGTGAGAATATTTACAGTTATTTAGCATGGTATCAGCAGAAACAGGGAAAATCTCCTCAGCTCCTGGTCTATAATGCAAAAACCTTAGCAGAAGGTGTGCCATCAAGGTTCAGTGGCAGTGGATCAGGCACACAGTTTTCTCTGAAGATCAACAGCCTGCAGCCTGAAGATTTTGGGAGTTATTACTGTCAACATCATTATGGTACTCCTCC,GACATCCAGATGACTCAGTCTCCAGCCTCCCTATCTGCATCTGTGGGAGAAACTGTCACCATCACATGTCGAGCAAGTGAGAATATTTACAGTTATTTAGCATGGTATCAGCAGAAACAGGGAAAATCTCCTCAGCTCCTGGTCTATAATGCAAAAACCTTAGCAGAAGGTGTGCCATCAAGGTTCAGTGGCAGTGGATCAGGCACACAGTTTTCTCTGAAGATCAACAGCCTGCAGCCTGAAGATTTTGGGAGTTATTACTGTCAACATCATTATGGTACTCCTCC,"Kos et al., 2022",2022-04-24 22:42:58,2022-04-24 22:42:58
O3WP,GATGTTTTGATGACCCAAACTCCACTCTCCCTGCCTGTCAGTCTTGGAGATCAAGCCTCCATCTCTTGCAGATCTAGTCAGAGCATTGTACATAGTAATGGAAACACCTATTTAGAATGGTACCTGCAGAAACCAGGCCAGTCTCCAAAGCTCCTGATCTACAAAGTTTCCAACCGATTTTCTGGGGTCCCAGACAGGTTCAGTGGCAGTGGATCAGGGACAGATTTCACACTCAAGATCAGCAGAGTGGAGGCTGAGGATCTGGGAGTTTATTACTGCTTTCAAGGTTCACATGTTCCTCC,GATGTTTTGATGACCCAAACTCCACTCTCCCTGCCTGTCAGTCTTGGAGATCAAGCCTCCATCTCTTGCAGATCTAGTCAGAGCATTGTACATAGTAATGGAAACACCTATTTAGAATGGTACCTGCAGAAACCAGGCCAGTCTCCAAAGCTCCTGATCTACAAAGTTTCCAACCGATTTTCTGGGGTCCCAGACAGGTTCAGTGGCAGTGGATCAGGGACAGATTTCACACTCAAGATCAGCAGAGTGGAGGCTGAGGATCTGGGAGTTTATTACTGCTTTCAAGGTTCACATGTTCCTCC,"Kos et al., 2022",2022-04-24 22:42:58,2022-04-24 22:42:58
GPIO,GACATTGTGATGACCCAGTCTCAAAAATTCATGTCCACATCAGTAGGAGAGAGGGTCAGCATCACCTGCAAGGCCAGTCAGAATGTAGGTACTAATGTAGCCTGGTATCAGCAGAAAGCAGGGCAGTCTCTTGAACTGCTGATCTATGGGGCATCCAACCGGCACACTGGAGTCCCTGATCGCTTCACAGGCAGTGGATCTGGGACAGATTTCACTCTCACCATCACCAATGTGCAGTCTGAAGACATGACAAATTATTTCTGTGAGCAATATAGCAGCTATCCTCT,GACATTGTGATGACCCAGTCTCAAAAATTCATGTCCACATCAGTAGGAGAGAGGGTCAGCATCACCTGCAAGGCCAGTCAGAATGTAGGTACTAATGTAGCCTGGTATCAGCAGAAAGCAGGGCAGTCTCTTGAACTGCTGATCTATGGGGCATCCAACCGGCACACTGGAGTCCCTGATCGCTTCACAGGCAGTGGATCTGGGACAGATTTCACTCTCACCATCACCAATGTGCAGTCTGAAGACATGACAAATTATTTCTGTGAGCAATATAGCAGCTATCCTCT,"Kos et al., 2022",2022-04-24 22:42:58,2022-04-24 22:42:58
7OBD,GATATCCAGATGACTCAGTCTCCAGCCTCCCTATCTGCATCTGTGGGAGAAACTGTCACCATCACATGTCGAGCAAGTGGGAATATTCACAATTATTTAGCATGGTATCAGCAGAAACAGGGAAAATCTCCTCAGCTCCTGGTCTATAATGCAAAAACCTTAGCGGAAGGTGTGCCATCAAGGTTCAGTGGCAGTGGATCAGGAACACAATATTCTCTCAAGATCAACAGCCTGCAGCCTGAGGATTTTGGGAGTTATTACTGTCATCATTATTATAGTACTCCTCC,GATATCCAGATGACTCAGTCTCCAGCCTCCCTATCTGCATCTGTGGGAGAAACTGTCACCATCACATGTCGAGCAAGTGGGAATATTCACAATTATTTAGCATGGTATCAGCAGAAACAGGGAAAATCTCCTCAGCTCCTGGTCTATAATGCAAAAACCTTAGCGGAAGGTGTGCCATCAAGGTTCAGTGGCAGTGGATCAGGAACACAATATTCTCTCAAGATCAACAGCCTGCAGCCTGAGGATTTTGGGAGTTATTACTGTCATCATTATTATAGTACTCCTCC,"Kos et al., 2022",2022-04-24 22:42:58,2022-04-24 22:42:58
L2YE,GACATTGTGCTCACCCAATCTCCAGCTTCTTTGGCTGTGTCTCTAGGGCAGAGTGTCACCATCTCCTGCAGAGCCAGTGAAAGTGTTGAATATTATGGCACTAGTTTAATGCAGTGGTACCAACAGAAACCAGGACAGCCACCCAAACTCCTCATCTATGGTGCATCCAACGTAGAATCTGGGGTCCCTGCCAGGTTTAGTGGCAGTGGGTCTGGGACAGACTTCAGCCTCAACATCCATCCTGTGGAGGAGGATGATATTGCAATGTATTTCTGTCAGCAAAGTAGGAAGGTTCCTTC,GACATTGTGCTCACCCAATCTCCAGCTTCTTTGGCTGTGTCTCTAGGGCAGAGTGTCACCATCTCCTGCAGAGCCAGTGAAAGTGTTGAATATTATGGCACTAGTTTAATGCAGTGGTACCAACAGAAACCAGGACAGCCACCCAAACTCCTCATCTATGGTGCATCCAACGTAGAATCTGGGGTCCCTGCCAGGTTTAGTGGCAGTGGGTCTGGGACAGACTTCAGCCTCAACATCCATCCTGTGGAGGAGGATGATATTGCAATGTATTTCTGTCAGCAAAGTAGGAAGGTTCCTTC,"Kos et al., 2022",2022-04-24 22:42:58,2022-04-24 22:42:58
57CN,GATATTGTGCTAACTCAGTCTCCAGCCACCCTGTCTGTGACTCCAGGAGATAGCGTCAGTCTTTCCTGCAGGGCCAGCCAAAGTATTAGCAACAACCTACACTGGTATCAACAAAAATCACATGAGTCTCCAAGGCTTCTCATCAAGTATGCTTCCCAGTCCATCTCTGGGATCCCCTCCAAGTTCAGTGGCAGTGGATCAGGGACAGATTTCACTCTCAGTATCAACAGTGTGGAGACTGAAGATTTTGGAATGTATTTCTGTCAACAGAGTAACAGCTGGCCTCA,GATATTGTGCTAACTCAGTCTCCAGCCACCCTGTCTGTGACTCCAGGAGATAGCGTCAGTCTTTCCTGCAGGGCCAGCCAAAGTATTAGCAACAACCTACACTGGTATCAACAAAAATCACATGAGTCTCCAAGGCTTCTCATCAAGTATGCTTCCCAGTCCATCTCTGGGATCCCCTCCAAGTTCAGTGGCAGTGGATCAGGGACAGATTTCACTCTCAGTATCAACAGTGTGGAGACTGAAGATTTTGGAATGTATTTCTGTCAACAGAGTAACAGCTGGCCTCA,"Kos et al., 2022",2022-04-24 22:42:58,2022-04-24 22:42:58
MIRQ,GATATCCAGATGACACAGACTACATCCTCCCTGTCTGCCTCTCTGGGAGACAGAGTCACCATCAGTTGCAGGGCAAGTCAGGATATTAGCAATTATTTAAACTGGTATCAGCAGAAACCAGATGGAACTGTTAAACTCCTGATCTACTACACATCAAGATTACACTCAGGAGTCCCATCAAGGTTCAGTGGCAGTGGGTCTGGGACAGATTATTCTCTCACCATCAGCAACCTGGAACCTGAAGATATTGCCACTTACTATTGTCAGCAGTATAGTAAGCTTCCTCC,GATATCCAGATGACACAGACTACATCCTCCCTGTCTGCCTCTCTGGGAGACAGAGTCACCATCAGTTGCAGGGCAAGTCAGGATATTAGCAATTATTTAAACTGGTATCAGCAGAAACCAGATGGAACTGTTAAACTCCTGATCTACTACACATCAAGATTACACTCAGGAGTCCCATCAAGGTTCAGTGGCAGTGGGTCTGGGACAGATTATTCTCTCACCATCAGCAACCTGGAACCTGAAGATATTGCCACTTACTATTGTCAGCAGTATAGTAAGCTTCCTCC,"Kos et al., 2022",2022-04-24 22:42:58,2022-04-24 22:42:58
NGSM,CAGATTGTTCTCACCCAGTCTCCAGCAATCATGTCTGCATCTCCAGGGGAGAAGGTCACCATGACCTGCAGGGCCAGCTCAAGTGTAAGTTCCAGTTACTTGCACTGGTACCAGCAGAAGCCAGGATCTTCCCCCAAACTCTGGATTTATAGCACATCCAACCTGGCTTCAGGAGTCCCAGCTCGCTTCAGTGGCAGTGGGTCTGGGACCTCTTACTCTCTCACAATCAGCAGTGTGGAGGCTGAGGATGCTGCCACTTATTACTGCCAGCAGTATGATAGTTCCCCACCCA,CAGATTGTTCTCACCCAGTCTCCAGCAATCATGTCTGCATCTCCAGGGGAGAAGGTCACCATGACCTGCAGGGCCAGCTCAAGTGTAAGTTCCAGTTACTTGCACTGGTACCAGCAGAAGCCAGGATCTTCCCCCAAACTCTGGATTTATAGCACATCCAACCTGGCTTCAGGAGTCCCAGCTCGCTTCAGTGGCAGTGGGTCTGGGACCTCTTACTCTCTCACAATCAGCAGTGTGGAGGCTGAGGATGCTGCCACTTATTACTGCCAGCAGTATGATAGTTCCCCACCCA,"Kos et al., 2022",2022-04-24 22:42:58,2022-04-24 22:42:58
LFXD,GACATTGTGATGACACAGTCTCCATCCTCCCTGGCTATGTCAGTAGGACAGAAGGTCACTATGAGCTGCAAGTCCAGTCAGAGCCTTTTAAGTAGTAGCAATCAAAAGAACTATTTGGCCTGGTACCAGCAGAAACCAGGACAGTCTCCTAAACTTCTGGTATACTTTGCATCCACTAGGGAATCTGGGGTCCCTGATCGCTTCATAGGCAGTGGATCTGGGACAGATTTCACTCTTACCATCAGCAGTGTGCAGGCTGAAGACCTGGCACTTTATTACTGTCAGCAACATTATAGCACTCCTCC,GACATTGTGATGACACAGTCTCCATCCTCCCTGGCTATGTCAGTAGGACAGAAGGTCACTATGAGCTGCAAGTCCAGTCAGAGCCTTTTAAGTAGTAGCAATCAAAAGAACTATTTGGCCTGGTACCAGCAGAAACCAGGACAGTCTCCTAAACTTCTGGTATACTTTGCATCCACTAGGGAATCTGGGGTCCCTGATCGCTTCATAGGCAGTGGATCTGGGACAGATTTCACTCTTACCATCAGCAGTGTGCAGGCTGAAGACCTGGCACTTTATTACTGTCAGCAACATTATAGCACTCCTCC,"Kos et al., 2022",2022-04-24 22:42:58,2022-04-24 22:42:58
ZVYY,CAAATTGTTCTCACCCAGTCTCCAGCAATCATGTCTGCATCTCCAGGGCAGAAAGTCACCATAACCTGCAGTGCCAGCTCAAGTGTAAATTACATGCACTGGTACCAGCAGAAGCTAGGATCCTCCCCCAAACTCTGGATTTATGACACATCCAAACTGGCTCCTGGAGTCCCTGCTCGCTTCAGTGGCAGTGGGTCTGGGACCTCTTACTCTCTCACAATCAGCAGCATGGAGGCTGAAGATGCTGCCTCTTATTTCTGCCATCAGTGGAGTAGTTACCCACCCA,CAAATTGTTCTCACCCAGTCTCCAGCAATCATGTCTGCATCTCCAGGGCAGAAAGTCACCATAACCTGCAGTGCCAGCTCAAGTGTAAATTACATGCACTGGTACCAGCAGAAGCTAGGATCCTCCCCCAAACTCTGGATTTATGACACATCCAAACTGGCTCCTGGAGTCCCTGCTCGCTTCAGTGGCAGTGGGTCTGGGACCTCTTACTCTCTCACAATCAGCAGCATGGAGGCTGAAGATGCTGCCTCTTATTTCTGCCATCAGTGGAGTAGTTACCCACCCA,"Kos et al., 2022",2022-04-24 22:42:58,2022-04-24 22:42:58
VWFB,GACATCAAGATGACCCAGTCTCCATCCTCCATGTATGCATCGCTGGGAGAGAGAGTCACTATCACTTGCAAGGCGAGTCAGGACATTAAAAGCTATTTAAGCTGGTACCAGCAGAAACCATGGAAATCTCCTAAGACCCTGATCTATTATGCAACAAGCTTGGCAGATGGGGTCCCATCAAGATTCAGTGGCAGTGGATCTGGGCAAGATTATTCTCTAACCATCAGCAGCCTGGAGTCTGACGATACAGCAACTTATTACTGTCTACAGCATGGTGAGAGCCCTCC,GACATCAAGATGACCCAGTCTCCATCCTCCATGTATGCATCGCTGGGAGAGAGAGTCACTATCACTTGCAAGGCGAGTCAGGACATTAAAAGCTATTTAAGCTGGTACCAGCAGAAACCATGGAAATCTCCTAAGACCCTGATCTATTATGCAACAAGCTTGGCAGATGGGGTCCCATCAAGATTCAGTGGCAGTGGATCTGGGCAAGATTATTCTCTAACCATCAGCAGCCTGGAGTCTGACGATACAGCAACTTATTACTGTCTACAGCATGGTGAGAGCCCTCC,"Kos et al., 2022",2022-04-24 22:42:58,2022-04-24 22:42:58
4HMC,GAAAATGTGCTGACCCAGTCTCCAGCAATCATGGCTGCATCTCCAGGGGAGAAGGTCACCATGACCTGCAGTGCCAGCTCAAGTGTAAGTTCTGGTAACTTTCACTGGTACCAGCAGAAGCCAGGCACTTCTCCCAAACTCTGGATTTATAGGACATCCAACCTGGCTTCTGGAGTCCCCGCTCGCTTCAGTGGCAGTGGGTCTGGGACCTCTTACTCTCTTACAATCAGCAGCATGGAGGCCGAAGATGCTGCCACTTATTACTGCCAGCAGTGGAGTGGTTACCCACC,GAAAATGTGCTGACCCAGTCTCCAGCAATCATGGCTGCATCTCCAGGGGAGAAGGTCACCATGACCTGCAGTGCCAGCTCAAGTGTAAGTTCTGGTAACTTTCACTGGTACCAGCAGAAGCCAGGCACTTCTCCCAAACTCTGGATTTATAGGACATCCAACCTGGCTTCTGGAGTCCCCGCTCGCTTCAGTGGCAGTGGGTCTGGGACCTCTTACTCTCTTACAATCAGCAGCATGGAGGCCGAAGATGCTGCCACTTATTACTGCCAGCAGTGGAGTGGTTACCCACC,"Kos et al., 2022",2022-04-24 22:42:58,2022-04-24 22:42:58
4F7M,GACATTGTGCTGACCCAATCTCCAGCTTCTTTGGCTGTGTCTCTAGGGCAGAGGGCCACCATCTCCTGCAGAGCCAGCGAAAGTGTTGATTATGATGGCGATAGTTATATGAACTGGTACCAACAGAAACCAGGACAGCCACCGAAACTCCTCATCTATGCTGCATCCAATCTAGAATCTGGGATCCCTGCCAGGTTTAGTGGCAGTGGGTCTGGGACAGACTTCACCCTCAACATTCATCCTGTGGAGGAGGAGGATGCTGCAACCTATTACTGTCTGCAAAGTAATGAGGCTCCTCC,GACATTGTGCTGACCCAATCTCCAGCTTCTTTGGCTGTGTCTCTAGGGCAGAGGGCCACCATCTCCTGCAGAGCCAGCGAAAGTGTTGATTATGATGGCGATAGTTATATGAACTGGTACCAACAGAAACCAGGACAGCCACCGAAACTCCTCATCTATGCTGCATCCAATCTAGAATCTGGGATCCCTGCCAGGTTTAGTGGCAGTGGGTCTGGGACAGACTTCACCCTCAACATTCATCCTGTGGAGGAGGAGGATGCTGCAACCTATTACTGTCTGCAAAGTAATGAGGCTCCTCC,"Kos et al., 2022",2022-04-24 22:42:58,2022-04-24 22:42:58
OPGL,GACATCCAGATGAACCAGTCTCCATCCAGTCTGTCTGCATCCCTTGGAGACACAATTACCATCACTTGCCATGCCAGTCAGAACATTAATGTTTGGTTAAGCTGGTACCAGCAGAAACCAGGAAATATTCCTAAACTATTGATCTATAAGGCTTCCAACTTGCACACAGGCGTCCCATCAAGGTTTAGTGGCAGTGGATCTGGAACAGGTTTCACATTAACCATCAGCAGCCTGCAGCCTGAAGACATTGCCACTTACTACTGTCAACAGGGTCAAAGTTATCCTCT,GACATCCAGATGAACCAGTCTCCATCCAGTCTGTCTGCATCCCTTGGAGACACAATTACCATCACTTGCCATGCCAGTCAGAACATTAATGTTTGGTTAAGCTGGTACCAGCAGAAACCAGGAAATATTCCTAAACTATTGATCTATAAGGCTTCCAACTTGCACACAGGCGTCCCATCAAGGTTTAGTGGCAGTGGATCTGGAACAGGTTTCACATTAACCATCAGCAGCCTGCAGCCTGAAGACATTGCCACTTACTACTGTCAACAGGGTCAAAGTTATCCTCT,"Kos et al., 2022",2022-04-24 22:42:58,2022-04-24 22:42:58
FMMY,GACATTGTGCTGACCCAATCTCCAGCTTCTTTGGCTGTGTCTCTAGGGCAGAGGGCCACCATATCCTGCAAGGCCAGCCAGAGTATCAATTATTACGGTGATAATTATATGCACTGGTTCCAACAGAAACCAGGACAGCCAACCAAACTCCTTATCTATGATGCATCCAACCTAGAATCTGGAGTTCCTGACAGGTTCAGTGGCAGTGGGTCTGGGACAGACTTCACCCTCAACATCCATCCTGTGGAGGAGGAGGATGCTGCAACCTATTACTGTCAGCAAAGCAAGGAGTTTCCTCC,GACATTGTGCTGACCCAATCTCCAGCTTCTTTGGCTGTGTCTCTAGGGCAGAGGGCCACCATATCCTGCAAGGCCAGCCAGAGTATCAATTATTACGGTGATAATTATATGCACTGGTTCCAACAGAAACCAGGACAGCCAACCAAACTCCTTATCTATGATGCATCCAACCTAGAATCTGGAGTTCCTGACAGGTTCAGTGGCAGTGGGTCTGGGACAGACTTCACCCTCAACATCCATCCTGTGGAGGAGGAGGATGCTGCAACCTATTACTGTCAGCAAAGCAAGGAGTTTCCTCC,"Kos et al., 2022",2022-04-24 22:42:58,2022-04-24 22:42:58
DU7B,CAAATTGTTCTCACCCAGTCTCCAGCAATCATGTCTGCCTCTCCAGGGGAGAAGGTCACCATGACCTGCAGTGCCAGCTCAAGTGTAAGTTCCAGGTACTTGCACTGGTACCAGCAGAAGTCAGGAGCCTCCCCCAAACTCTGGATTTATGGCACATCCAACCTGGCTTCTGGAGTCCCTGCTCGCTTCAGTGGCAGTGGGTCTGGGACCTCTTACTCTCTCACAATCAGCAGCGTGGAGGCTGAAGATGCTGCCACTTATTACTGCCAGCAGTATCATAGTGACCCACTCA,CAAATTGTTCTCACCCAGTCTCCAGCAATCATGTCTGCCTCTCCAGGGGAGAAGGTCACCATGACCTGCAGTGCCAGCTCAAGTGTAAGTTCCAGGTACTTGCACTGGTACCAGCAGAAGTCAGGAGCCTCCCCCAAACTCTGGATTTATGGCACATCCAACCTGGCTTCTGGAGTCCCTGCTCGCTTCAGTGGCAGTGGGTCTGGGACCTCTTACTCTCTCACAATCAGCAGCGTGGAGGCTGAAGATGCTGCCACTTATTACTGCCAGCAGTATCATAGTGACCCACTCA,"Kos et al., 2022",2022-04-24 22:42:58,2022-04-24 22:42:58
OGNE,GACATCCAGATGACACAGTCTCCATCCTCACTGTCTGCATCTCTGGGAGGCAAAGTCACCATCACTTGCAAGGCAAGCCAAGACATTAACAAGAATATAGCTTGGTACCAACACAAGCCTGGAAAAGGTCCTAGGCTGCTCATATGGTACACATCTACATTACAGCCAGGCATCCCATCAAGGTTCAGTGGAAGTGGGTCTGGGAGAGATTATTCCTTCAGCATCAGCAACCTGGAGCCTGAAGATATTGCAACTTATTACTGTCTACAGTATGATAATCTTCCACC,GACATCCAGATGACACAGTCTCCATCCTCACTGTCTGCATCTCTGGGAGGCAAAGTCACCATCACTTGCAAGGCAAGCCAAGACATTAACAAGAATATAGCTTGGTACCAACACAAGCCTGGAAAAGGTCCTAGGCTGCTCATATGGTACACATCTACATTACAGCCAGGCATCCCATCAAGGTTCAGTGGAAGTGGGTCTGGGAGAGATTATTCCTTCAGCATCAGCAACCTGGAGCCTGAAGATATTGCAACTTATTACTGTCTACAGTATGATAATCTTCCACC,"Kos et al., 2022",2022-04-24 22:42:58,2022-04-24 22:42:58
MKWO,GAAATTGTGCTCACCCAGTCTCCAGCACTCATGGCTGCATCTCCAGGGGAGAAGGTCACCATCACCTGCAGTGTCAGCTCAAGTATAAGTTCCAGCAACTTACACTGGTACCAGCAGAAGTCAGGAACCTCCCCCAAACCCTGGATTTATGGCACATCCAACCTTGCTTCTGGAGTCCCTGTTCGCTTCAGTGGCAGTGGATCTGGGACCTCTTATTCTCTCACAATCAGCAGCATGGAGGCTGAAGATGCTGCCACTTATTACTGTCAACAGTGGAGTAGTTACCCGCTCA,GAAATTGTGCTCACCCAGTCTCCAGCACTCATGGCTGCATCTCCAGGGGAGAAGGTCACCATCACCTGCAGTGTCAGCTCAAGTATAAGTTCCAGCAACTTACACTGGTACCAGCAGAAGTCAGGAACCTCCCCCAAACCCTGGATTTATGGCACATCCAACCTTGCTTCTGGAGTCCCTGTTCGCTTCAGTGGCAGTGGATCTGGGACCTCTTATTCTCTCACAATCAGCAGCATGGAGGCTGAAGATGCTGCCACTTATTACTGTCAACAGTGGAGTAGTTACCCGCTCA,"Kos et al., 2022",2022-04-24 22:42:58,2022-04-24 22:42:58
HKVQ,GACATTGTGATGACTCAGTCTCCAGCCACCCTGTCTGTGACTCCAGGAGATAGGGTCTCTCTTTCCTGCAGGGCCAGTCAGAGTATTAGCGACTACTTACACTGGTATCAACAAAAATCACATGAGTCTCCAAGGCTTCTCATCAAGTATGCTTCCCAATCCATCTCTGGGATCCCCTCCAGGTTCAGTGGCAGTGGATCAGGGTCAGATTTCACTCTCAGTATCAACAGTGTGGAACCTGAAGATGTTGGAGTGTATTACTGTCAAAATGGTCACAGCTTTCCTCC,GACATTGTGATGACTCAGTCTCCAGCCACCCTGTCTGTGACTCCAGGAGATAGGGTCTCTCTTTCCTGCAGGGCCAGTCAGAGTATTAGCGACTACTTACACTGGTATCAACAAAAATCACATGAGTCTCCAAGGCTTCTCATCAAGTATGCTTCCCAATCCATCTCTGGGATCCCCTCCAGGTTCAGTGGCAGTGGATCAGGGTCAGATTTCACTCTCAGTATCAACAGTGTGGAACCTGAAGATGTTGGAGTGTATTACTGTCAAAATGGTCACAGCTTTCCTCC,"Kos et al., 2022",2022-04-24 22:42:58,2022-04-24 22:42:58
7LAH,GAAAATGTGCTCACCCAGTCTCCAGCAATCATGTCTGCAACTCTAGGGGAGAAGGTCACCATGAGCTGCAGGGCCAGCTCAAATGTAAAGTACATGTACTGGTACCAGCAGAAGTCAGGTGCCTCCCCCAAACTATGGATTTATTACACATCCAACCTGGCTTCTGGAGTCCCAGCTCGCTTCAGTGGCAGTGGGTCTGGGACCTCTTATTCTCTCACAATCAGCAGCGTGGAGGCTGAAGATGCTGCCACTTATTACTGCCAGCAGTTTACTAGTTCCCCATCCA,GAAAATGTGCTCACCCAGTCTCCAGCAATCATGTCTGCAACTCTAGGGGAGAAGGTCACCATGAGCTGCAGGGCCAGCTCAAATGTAAAGTACATGTACTGGTACCAGCAGAAGTCAGGTGCCTCCCCCAAACTATGGATTTATTACACATCCAACCTGGCTTCTGGAGTCCCAGCTCGCTTCAGTGGCAGTGGGTCTGGGACCTCTTATTCTCTCACAATCAGCAGCGTGGAGGCTGAAGATGCTGCCACTTATTACTGCCAGCAGTTTACTAGTTCCCCATCCA,"Kos et al., 2022",2022-04-24 22:42:58,2022-04-24 22:42:58
T72U,GACATTTTGATGACTCAGTCTCCATCCTCCCTGACTGTGTCAGCAGGAGAGAAGGTCACTATGAGCTGCAAGTCCAGTCAGAGTCTTTTAGCTAGTGCCAACCAAAATAACTACTTGGCCTGGCACCAGCAGAAACCAGGACGATCTCCTAAAATGCTGATAATTTGGGCATCCACTAGGGTATCTGGAGTCCCTGATCGCTTCATAGGCAGTGGATCTGGGACGGATTTCACTCTGACCATCAACAGTGTGCAGGCTGAAGATCTGGCTGTTTATTACTGTCAGCAGTCCTACAGCGCTCCTAC,GACATTTTGATGACTCAGTCTCCATCCTCCCTGACTGTGTCAGCAGGAGAGAAGGTCACTATGAGCTGCAAGTCCAGTCAGAGTCTTTTAGCTAGTGCCAACCAAAATAACTACTTGGCCTGGCACCAGCAGAAACCAGGACGATCTCCTAAAATGCTGATAATTTGGGCATCCACTAGGGTATCTGGAGTCCCTGATCGCTTCATAGGCAGTGGATCTGGGACGGATTTCACTCTGACCATCAACAGTGTGCAGGCTGAAGATCTGGCTGTTTATTACTGTCAGCAGTCCTACAGCGCTCCTAC,"Kos et al., 2022",2022-04-24 22:42:58,2022-04-24 22:42:58
HZNZ,GACATCCTGATGACCCAATCTCCATCCTCCATGTCTGTATCTCTGGGAGACACAGTCAGCATCACTTGCCATGCAAGTCAGGGCATTAGCAGTAATATAGGGTGGTTGCAGCAGAAACCAGGGAAATCATTTAAGGGCCTGATCTATCATGCAACCAACTTGGAAGATGGAGTTCCATCAAGGTTCAGTGGCAGTGGATCTGGAGCAGATTATTCTCTCACCATCAGCAGCCTGGAATCTGAAGATTTTGCAGACTATTACTGTGTACAGTATGCTCAGTTTCCTCC,GACATCCTGATGACCCAATCTCCATCCTCCATGTCTGTATCTCTGGGAGACACAGTCAGCATCACTTGCCATGCAAGTCAGGGCATTAGCAGTAATATAGGGTGGTTGCAGCAGAAACCAGGGAAATCATTTAAGGGCCTGATCTATCATGCAACCAACTTGGAAGATGGAGTTCCATCAAGGTTCAGTGGCAGTGGATCTGGAGCAGATTATTCTCTCACCATCAGCAGCCTGGAATCTGAAGATTTTGCAGACTATTACTGTGTACAGTATGCTCAGTTTCCTCC,"Kos et al., 2022",2022-04-24 22:42:58,2022-04-24 22:42:58
CPDH,CAAATTGTTCTCACCCAGTCTCCAGCAATCATGTCTGCATCTCCAGGGGAGAAGGTCACCATGACCTGCAGTGCCAGCTCAAGTGTAAGTTACATGTACTGGTACCAGCAGAAGCCAGGATCCTCCCCCAGACTCTGGATTTATGACACATCCAACCTGGCTTCTGGAGTCCCCGCTCGCTTCAGTGGCAGTAGGTCTGGGACCTCTTATTCTCTCACAATCAGCAGCATGGAGGCTGAAGATGCTGCCACTTATTACTGCCATCAGCGGAGTAGTTACCCATTCA,CAAATTGTTCTCACCCAGTCTCCAGCAATCATGTCTGCATCTCCAGGGGAGAAGGTCACCATGACCTGCAGTGCCAGCTCAAGTGTAAGTTACATGTACTGGTACCAGCAGAAGCCAGGATCCTCCCCCAGACTCTGGATTTATGACACATCCAACCTGGCTTCTGGAGTCCCCGCTCGCTTCAGTGGCAGTAGGTCTGGGACCTCTTATTCTCTCACAATCAGCAGCATGGAGGCTGAAGATGCTGCCACTTATTACTGCCATCAGCGGAGTAGTTACCCATTCA,"Kos et al., 2022",2022-04-24 22:42:58,2022-04-24 22:42:58
GXOB,GATGTCCAGATAACCCAGTCTCCATCTTATCTTGCTGCATCTCCTGGAGAAACCATTACTATTAATTGCAGGGCAAGTAAGAGCATTAGCAAATATTTAGCCTGGTATCAAGAGAAACCTGGGAAAACTAATAAGCTTCTTATCTACTCTGGATCCACTTTGCAATCTGGAATTCCATCAAGGTTCAGTGGCAGTGGATCTGGTACAGATTTCACTCTCACCATCAGTAGCCTGGAGCCTGAAGATTTTGCAATGTATTACTGTCAACAGCATAATGAATACCCGTAC,GATGTCCAGATAACCCAGTCTCCATCTTATCTTGCTGCATCTCCTGGAGAAACCATTACTATTAATTGCAGGGCAAGTAAGAGCATTAGCAAATATTTAGCCTGGTATCAAGAGAAACCTGGGAAAACTAATAAGCTTCTTATCTACTCTGGATCCACTTTGCAATCTGGAATTCCATCAAGGTTCAGTGGCAGTGGATCTGGTACAGATTTCACTCTCACCATCAGTAGCCTGGAGCCTGAAGATTTTGCAATGTATTACTGTCAACAGCATAATGAATACCCGTAC,"Kos et al., 2022",2022-04-24 22:42:58,2022-04-24 22:42:58
SJLL,GACATTGTGCTGACACAGTCTCCTGCTTCCTTAGCTGTATCTCTGGGGCAGAGGGCCACCATCTCCTGCAGGGCCAGCAAAAGTGTCAGTACATCTAGCTATAGTTACATGCACTGGTACCAACAGAAACCAGGACAGCCACCCAAACTCCTCATCAAGTATGCATCCTACCTAGAATCTGGGGTTCCTGCCAGGTTCAGTGGCAGTGGGTCTGGGACAGACTTCACCCTCAACATCCATCCTGTGGAGGAGGAGGATGCTGCAACATATTACTGTCAGCACAGTAGGGAGTTTCCTCC,GACATTGTGCTGACACAGTCTCCTGCTTCCTTAGCTGTATCTCTGGGGCAGAGGGCCACCATCTCCTGCAGGGCCAGCAAAAGTGTCAGTACATCTAGCTATAGTTACATGCACTGGTACCAACAGAAACCAGGACAGCCACCCAAACTCCTCATCAAGTATGCATCCTACCTAGAATCTGGGGTTCCTGCCAGGTTCAGTGGCAGTGGGTCTGGGACAGACTTCACCCTCAACATCCATCCTGTGGAGGAGGAGGATGCTGCAACATATTACTGTCAGCACAGTAGGGAGTTTCCTCC,"Kos et al., 2022",2022-04-24 22:42:58,2022-04-24 22:42:58
MYS7,GACATCCAGATGACCCAGTCTCCATCCTCCTTATCTGCCTCTCTGGGAGAAAGAGTCAGTCTCACTTGTCGGGCAAGTCAGGACATTGGTAGTAGCTTAAACTGGCTTCAGCAGGAACCAGATGGAACTATTAAACGCCTGATCTACGCCACATCCAGTTTAGATTCTGGTGTCCCCAAAAGGTTCAGTGGCAGTAGGTCTGGGTCAGATTATTCTCTCACCATCAGCAGCCTTGAGTCTGAAGATTTTGTAGACTATTACTGTCTACAATATGCTAGTTCTCCT,GACATCCAGATGACCCAGTCTCCATCCTCCTTATCTGCCTCTCTGGGAGAAAGAGTCAGTCTCACTTGTCGGGCAAGTCAGGACATTGGTAGTAGCTTAAACTGGCTTCAGCAGGAACCAGATGGAACTATTAAACGCCTGATCTACGCCACATCCAGTTTAGATTCTGGTGTCCCCAAAAGGTTCAGTGGCAGTAGGTCTGGGTCAGATTATTCTCTCACCATCAGCAGCCTTGAGTCTGAAGATTTTGTAGACTATTACTGTCTACAATATGCTAGTTCTCCT,"Kos et al., 2022",2022-04-24 22:42:58,2022-04-24 22:42:58
TPJD,CAAATTGTTCTCACCCAGTCTCCAGCAATCATGTCTGCATCTCTAGGGGAGGAGATCACCCTAACCTGCAGTGCCAGCTCGAGTGTAAGTTACATGCACTGGTTCCAGCAGAAGTCAGGCACTTCTCCCAAACTCTTGATTTATAGCACATCCAACCTGGCTTCTGGAGTCCCTTCTCGCTTCAGTGGCAGTGGGTCTGGGACCTTTTATTCTCTCACAATCAGCAGTGTGGAGGCTGAAGATGCTGCCGATTATTACTGCCATCAGTGGAGTAGTTATCCA,CAAATTGTTCTCACCCAGTCTCCAGCAATCATGTCTGCATCTCTAGGGGAGGAGATCACCCTAACCTGCAGTGCCAGCTCGAGTGTAAGTTACATGCACTGGTTCCAGCAGAAGTCAGGCACTTCTCCCAAACTCTTGATTTATAGCACATCCAACCTGGCTTCTGGAGTCCCTTCTCGCTTCAGTGGCAGTGGGTCTGGGACCTTTTATTCTCTCACAATCAGCAGTGTGGAGGCTGAAGATGCTGCCGATTATTACTGCCATCAGTGGAGTAGTTATCCA,"Kos et al., 2022",2022-04-24 22:42:58,2022-04-24 22:42:58
4QYM,GATATCCAGATGACACAGACTACATCCTCCCTGTCTGCCTCTCTGGGAGACAGAGTCACCATCAGTTGCAGGGCAAGTCAGGACATTAGCAATTATTTAAACTGGTATCAGCAGAAACCAGATGGAACTGTTAAACTCCTGATCTACTACACATCAAGATTACACTCAGGAGTCCCATCAAGGTTCAGTGGCAGTGGGTCTGGGACAGATTATTCTCTCACTATTAGCAACCTGGAACAAGAAGATATTGCCACTTACTTTTGCCAACAGGATAGTAAGCATCCTCC,GATATCCAGATGACACAGACTACATCCTCCCTGTCTGCCTCTCTGGGAGACAGAGTCACCATCAGTTGCAGGGCAAGTCAGGACATTAGCAATTATTTAAACTGGTATCAGCAGAAACCAGATGGAACTGTTAAACTCCTGATCTACTACACATCAAGATTACACTCAGGAGTCCCATCAAGGTTCAGTGGCAGTGGGTCTGGGACAGATTATTCTCTCACTATTAGCAACCTGGAACAAGAAGATATTGCCACTTACTTTTGCCAACAGGATAGTAAGCATCCTCC,"Kos et al., 2022",2022-04-24 22:42:58,2022-04-24 22:42:58
HWEW,CAAATTGTTCTCACCCAGTCTCCAGCAATCATGTCTGCATCTCCAGGGGAGAAGGTCACCATGACATGCAGTGCCAGCTCAAGTGTAAGTTACATGCACTGGTACCAGCAGAAGTCAGGCACCTCCCCCAAAAGATGGATTTATGACACATCCAAACTGGATTCTGGAGTCCCTGCTCGCTTCAGTGGCAGTGGGTCTGGGACCTCTTATTCTCTCACAATCAGCAGCATGGAGGCTGAAGATGCTGCCACTTATTACTGCTATCAGTGGAGTAGTTACCCACTCA,CAAATTGTTCTCACCCAGTCTCCAGCAATCATGTCTGCATCTCCAGGGGAGAAGGTCACCATGACATGCAGTGCCAGCTCAAGTGTAAGTTACATGCACTGGTACCAGCAGAAGTCAGGCACCTCCCCCAAAAGATGGATTTATGACACATCCAAACTGGATTCTGGAGTCCCTGCTCGCTTCAGTGGCAGTGGGTCTGGGACCTCTTATTCTCTCACAATCAGCAGCATGGAGGCTGAAGATGCTGCCACTTATTACTGCTATCAGTGGAGTAGTTACCCACTCA,"Kos et al., 2022",2022-04-24 22:42:58,2022-04-24 22:42:58
ZJHN,GACATTGTGATGTCACAGTCTCCATCCGCCCTAGCTGTGTCAGTTGGAGAGAAGGTCACTATGAGCTGCAAGTCCAGTCAGAGCCTTTTATATAGTAGCAATCAAAAGAACTACTTGGCCTGGTACCAGCAGAAACCAGGGCAGTCTCCTAAACTGTTAATCTACTGGGCATCCACTAGGGAATCTGGGGTCCCTGACCGCTTCACAGGCAGTAGATCAGGGACAGATTTCACTCTCACCATCAGCAGTGTGCAGGCTGAAGACCTGGCCGTTTATTACTGCAAGCAATCTTATAGCTATCC,GACATTGTGATGTCACAGTCTCCATCCGCCCTAGCTGTGTCAGTTGGAGAGAAGGTCACTATGAGCTGCAAGTCCAGTCAGAGCCTTTTATATAGTAGCAATCAAAAGAACTACTTGGCCTGGTACCAGCAGAAACCAGGGCAGTCTCCTAAACTGTTAATCTACTGGGCATCCACTAGGGAATCTGGGGTCCCTGACCGCTTCACAGGCAGTAGATCAGGGACAGATTTCACTCTCACCATCAGCAGTGTGCAGGCTGAAGACCTGGCCGTTTATTACTGCAAGCAATCTTATAGCTATCC,"Kos et al., 2022",2022-04-24 22:42:58,2022-04-24 22:42:58
ORCS,GATATTGTGATAACCCAGGATGAACTCTCCAATCCTGTCACTTCTGGAGAATCAGTTTCCATCTCCTGCAGGTCTAGTAAGAGTCTCCTATATAAGGATGGGAAGACATACTTGAATTGGTTTCTGCAGAGACCAGGACAATCTCCTCAGCTCCTGATCTATTTGATGTCCACCCGTGCATCAGGAGTCTCAGACCGGTTTAGTGGCAGTGGGTCAGGAACAGATTTCACCCTGGAAATCAGTAGAGTGAAGGCTGAGGATGTGGGTGTGTATTACTGTCAACAACTTGTAGAGTATCCT,GATATTGTGATAACCCAGGATGAACTCTCCAATCCTGTCACTTCTGGAGAATCAGTTTCCATCTCCTGCAGGTCTAGTAAGAGTCTCCTATATAAGGATGGGAAGACATACTTGAATTGGTTTCTGCAGAGACCAGGACAATCTCCTCAGCTCCTGATCTATTTGATGTCCACCCGTGCATCAGGAGTCTCAGACCGGTTTAGTGGCAGTGGGTCAGGAACAGATTTCACCCTGGAAATCAGTAGAGTGAAGGCTGAGGATGTGGGTGTGTATTACTGTCAACAACTTGTAGAGTATCCT,"Kos et al., 2022",2022-04-24 22:42:58,2022-04-24 22:42:58
6LVV,GAAACAACTGTGACCCAGTCTCCAGCATCCCTGTCCGTGGCTACAGGAGAAAAAGTCACTATCAGATGCATAACCAGCACTGATATTGATGATGATATGAACTGGTACCAGCAGAAGCCAGGGGAACCTCCTAAGCTCCTTATTTCAGAAGGCAATACTCTTCGTCCTGGAGTCCCATCCCGATTCTCCAGCAGTGGCTATGGCACAGATTTTGTTTTTACAATTGAAAACACGCTCTCAGAAGATGTTGCAGATTACTACTGTTTGCAAAGTGATAACATGCCTCT,GAAACAACTGTGACCCAGTCTCCAGCATCCCTGTCCGTGGCTACAGGAGAAAAAGTCACTATCAGATGCATAACCAGCACTGATATTGATGATGATATGAACTGGTACCAGCAGAAGCCAGGGGAACCTCCTAAGCTCCTTATTTCAGAAGGCAATACTCTTCGTCCTGGAGTCCCATCCCGATTCTCCAGCAGTGGCTATGGCACAGATTTTGTTTTTACAATTGAAAACACGCTCTCAGAAGATGTTGCAGATTACTACTGTTTGCAAAGTGATAACATGCCTCT,"Kos et al., 2022",2022-04-24 22:42:58,2022-04-24 22:42:58
36JM,GACATCAAGATGACCCAGTCTCCATCTTCCATGTATGCATCTCTAGGAGAGAGAGTCACTATCACTTGCAAGGCGAGTCAGGACATTAATAGCTATTTAAGCTGGTTCCAGCAGAAACCAGGGAAATCTCCTAAGACCCTGATCTATCGTGCAAACAGATTGGTAGATGGGGTCCCATCAAGGTTCAGTGGCAGTGGATCTGGGCAAGATTATTCTCTCACCATCAGCAGCCTGGAGTATGAAGATATGGGAATTTATTATTGTCTACAGTATGATGAGTTTCCTCC,GACATCAAGATGACCCAGTCTCCATCTTCCATGTATGCATCTCTAGGAGAGAGAGTCACTATCACTTGCAAGGCGAGTCAGGACATTAATAGCTATTTAAGCTGGTTCCAGCAGAAACCAGGGAAATCTCCTAAGACCCTGATCTATCGTGCAAACAGATTGGTAGATGGGGTCCCATCAAGGTTCAGTGGCAGTGGATCTGGGCAAGATTATTCTCTCACCATCAGCAGCCTGGAGTATGAAGATATGGGAATTTATTATTGTCTACAGTATGATGAGTTTCCTCC,"Kos et al., 2022",2022-04-24 22:42:58,2022-04-24 22:42:58
TIPL,GATATTGTGATGACGCAGGCTGCATTCTCCAATCCAGTCACTCTTGGAACATCAGCTTCCATCTCCTGCAGGTCTAGTAAGAGTCTCCTACATAGTAATGGCATCACTTATTTGTATTGGTATCTGCAGAAGCCAGGCCAGTCTCCTCAGCTCCTGATTTATCAGATGTCCAACCTTGCCTCAGGAGTCCCAGACAGGTTCAGTAGCAGTGGGTCAGGAACTGATTTCACACTGAGAATCAGCAGAGTGGAGGCTGAGGATGTGGGTGTTTATTACTGTGCTCAAAATCTAGAACTTCCTCC,GATATTGTGATGACGCAGGCTGCATTCTCCAATCCAGTCACTCTTGGAACATCAGCTTCCATCTCCTGCAGGTCTAGTAAGAGTCTCCTACATAGTAATGGCATCACTTATTTGTATTGGTATCTGCAGAAGCCAGGCCAGTCTCCTCAGCTCCTGATTTATCAGATGTCCAACCTTGCCTCAGGAGTCCCAGACAGGTTCAGTAGCAGTGGGTCAGGAACTGATTTCACACTGAGAATCAGCAGAGTGGAGGCTGAGGATGTGGGTGTTTATTACTGTGCTCAAAATCTAGAACTTCCTCC,"Kos et al., 2022",2022-04-24 22:42:58,2022-04-24 22:42:58
G52W,CAAATTGTTCTCACCCAGTCTCCAGCAATCATGTCTGCATCTCCTGGGGAACGGGTCACCATGACCTGCAGTGCCAGCTCAAGTGTAAGTTCCAGCTACTTGTACTGGTACCAGCAGAAGCCAGGATCCTCCCCCAAACTATGGATTTATAGCACATCCAACCTGGCTTCTGGAGTCCCTGCTCGCTTCAGTGGCAGTGGGTCTGGGACCTCTTATTCTCTCACAATCAGCAGCATGGAGGCTGAAGATGCTGCCACTTATTACTGCCAGCAGTACAGTGGTTACCCATCCA,CAAATTGTTCTCACCCAGTCTCCAGCAATCATGTCTGCATCTCCTGGGGAACGGGTCACCATGACCTGCAGTGCCAGCTCAAGTGTAAGTTCCAGCTACTTGTACTGGTACCAGCAGAAGCCAGGATCCTCCCCCAAACTATGGATTTATAGCACATCCAACCTGGCTTCTGGAGTCCCTGCTCGCTTCAGTGGCAGTGGGTCTGGGACCTCTTATTCTCTCACAATCAGCAGCATGGAGGCTGAAGATGCTGCCACTTATTACTGCCAGCAGTACAGTGGTTACCCATCCA,"Kos et al., 2022",2022-04-24 22:42:58,2022-04-24 22:42:58
XWEN,AAAATTGTGCTGACCCAATCTCCAGCTTCTTTGGCTGTGTCTCTAAGGCAGAGGGCCACCATATCCTGCAGAGCCAGTGAAAGTGTTGATAGTTATGGCAATAGTTTTATGCACTGGTACCAGCAGAAACCAGGACAGCCACCCAAACTCCTCATCTATCGTGCATCCAACCTAGAATCTGGGGTCCCTGCCAGGTTCAGTGGCAGTGGGTCTAGGACAGACTTCACCCTCACCATTGATCCTGTGGAGGCTGATGATGCTGCAACCTATTACTGTCAGCAAAATAATGAGGATCCTCC,AAAATTGTGCTGACCCAATCTCCAGCTTCTTTGGCTGTGTCTCTAAGGCAGAGGGCCACCATATCCTGCAGAGCCAGTGAAAGTGTTGATAGTTATGGCAATAGTTTTATGCACTGGTACCAGCAGAAACCAGGACAGCCACCCAAACTCCTCATCTATCGTGCATCCAACCTAGAATCTGGGGTCCCTGCCAGGTTCAGTGGCAGTGGGTCTAGGACAGACTTCACCCTCACCATTGATCCTGTGGAGGCTGATGATGCTGCAACCTATTACTGTCAGCAAAATAATGAGGATCCTCC,"Kos et al., 2022",2022-04-24 22:42:58,2022-04-24 22:42:58
AUWD,GAAACAACTGTGACCCAGTCTCCAGCATCCCTGTCCATGGCTATAGGAGAAAAAGTCACCATCAGATGCATAACCAGCACTGATATTGATGATGATATGAACTGGTACCAGCAGAAGCCAGGGGAACCTCCTAAGCTCCTTATTTCAGAAGGCAATACTCTTCGTCCTGGAGTCCCATCCCGATTCTCCAGCAGTGGCTATGGTACAGATTTTGTTTTTACAATTGAAAACATGCTCTCAGAAGATGTTGCAGATTACTACTGTTTGCAAAGTGATAACTTGCCTCT,GAAACAACTGTGACCCAGTCTCCAGCATCCCTGTCCATGGCTATAGGAGAAAAAGTCACCATCAGATGCATAACCAGCACTGATATTGATGATGATATGAACTGGTACCAGCAGAAGCCAGGGGAACCTCCTAAGCTCCTTATTTCAGAAGGCAATACTCTTCGTCCTGGAGTCCCATCCCGATTCTCCAGCAGTGGCTATGGTACAGATTTTGTTTTTACAATTGAAAACATGCTCTCAGAAGATGTTGCAGATTACTACTGTTTGCAAAGTGATAACTTGCCTCT,"Kos et al., 2022",2022-04-24 22:42:58,2022-04-24 22:42:58
5M5G,GAAATTGTGCTTACCCAGTCTCCAACCACCATGGCTGCATCTCCTGGGGAGAAGGTCACCATCACCTGCAGTGCCAGCTCAAGTATAAGTTCCAATTACTTGCACTGGTATCAGCAGAAGCCAGGATTCCCTCCTAAACTCTTGATATATAGGACATCCAATCTGGCTTCTGGAGTCCCAGCTCGCTTCAGTGGCAGTGGGTCTGGGACCTCTTACTCTCTCACAATTGGCACCATGGAGGCTGAAGGTGCTGCCACTTATTACTGCCAGCATGGTAGTAGTTTACTACGCA,GAAATTGTGCTTACCCAGTCTCCAACCACCATGGCTGCATCTCCTGGGGAGAAGGTCACCATCACCTGCAGTGCCAGCTCAAGTATAAGTTCCAATTACTTGCACTGGTATCAGCAGAAGCCAGGATTCCCTCCTAAACTCTTGATATATAGGACATCCAATCTGGCTTCTGGAGTCCCAGCTCGCTTCAGTGGCAGTGGGTCTGGGACCTCTTACTCTCTCACAATTGGCACCATGGAGGCTGAAGGTGCTGCCACTTATTACTGCCAGCATGGTAGTAGTTTACTACGCA,"Kos et al., 2022",2022-04-24 22:42:58,2022-04-24 22:42:58
XP73,GAAATTGTGCTCACCCAGTCTCCAGCACTCATGGCTGCATCTCCAGGGGAGAAGGTCACCATCACCTGCAGTGTCAGCTCAAGTATAAGTTCCAGCAACTTACACTGGTACCAGCAGAAGTCAGGAACCTCCCCCAAACCCTGGATTTATGGCACATCCAACCTTGCTTCTGGAGTCCCTGTTCGCTTCAGTGGCAGTGGATCTGGGACCTCTTATTCTCTCACAATCAGCAGCATGGAGGCTGAAGATGCTGCCACTTATTACTGTCAACAGTGGAGTAGTTACCCACTCA,GAAATTGTGCTCACCCAGTCTCCAGCACTCATGGCTGCATCTCCAGGGGAGAAGGTCACCATCACCTGCAGTGTCAGCTCAAGTATAAGTTCCAGCAACTTACACTGGTACCAGCAGAAGTCAGGAACCTCCCCCAAACCCTGGATTTATGGCACATCCAACCTTGCTTCTGGAGTCCCTGTTCGCTTCAGTGGCAGTGGATCTGGGACCTCTTATTCTCTCACAATCAGCAGCATGGAGGCTGAAGATGCTGCCACTTATTACTGTCAACAGTGGAGTAGTTACCCACTCA,"Kos et al., 2022",2022-04-24 22:42:58,2022-04-24 22:42:58
4PLT,GATGTTGTGATGACCCAGACTCCACTCACTTTGTCGGTTACCATTGGACAACCAGCCTCTATCTCTTGCAAGTCAAGTCAGAGCCTCTTATATAGTAATGGAAAAACCTATTTGAATTGGTTATTACAGAGGCCAGGCCAGTCTCCAAAGCGCCTAATCTATCTGGTGTCTAAACTGGACTCTGGAGTCCCTGACAGGTTCACTGGCAGTGGATCAGGAACAGATTTTACACTGAAAATCAGCAGAGTGGAGGCTGAGGATTTGGGAGTTTATTACTGCGTGCAAGGTACACATTTTCCTCA,GATGTTGTGATGACCCAGACTCCACTCACTTTGTCGGTTACCATTGGACAACCAGCCTCTATCTCTTGCAAGTCAAGTCAGAGCCTCTTATATAGTAATGGAAAAACCTATTTGAATTGGTTATTACAGAGGCCAGGCCAGTCTCCAAAGCGCCTAATCTATCTGGTGTCTAAACTGGACTCTGGAGTCCCTGACAGGTTCACTGGCAGTGGATCAGGAACAGATTTTACACTGAAAATCAGCAGAGTGGAGGCTGAGGATTTGGGAGTTTATTACTGCGTGCAAGGTACACATTTTCCTCA,"Kos et al., 2022",2022-04-24 22:42:58,2022-04-24 22:42:58
AMF2,CAAATTGTTCTCACCCAGTCTCCAGCAATCATGTCTGCCTCTCCAGGGGAGAAGGTCACCATGACCTGCAGTGCCAGCTCAAGTGTAAGTTCCAGGTACTTGCACTGGTACCAGCAGAAGTCAGGAGCCTCCCCCAAACTCTGGATTTATGGCACATCCAACCTGGCTTCTGGAGTCCCTGCTCGCTTCAGTGGCAGTGGGTCTGGGACCTCTTACTCTCTCACAATCAGCAGCGTGGAGGCTGAAGATGCTGCCACTTATTACTGCCAGCAGTATCATAGTGACCCACCCA,CAAATTGTTCTCACCCAGTCTCCAGCAATCATGTCTGCCTCTCCAGGGGAGAAGGTCACCATGACCTGCAGTGCCAGCTCAAGTGTAAGTTCCAGGTACTTGCACTGGTACCAGCAGAAGTCAGGAGCCTCCCCCAAACTCTGGATTTATGGCACATCCAACCTGGCTTCTGGAGTCCCTGCTCGCTTCAGTGGCAGTGGGTCTGGGACCTCTTACTCTCTCACAATCAGCAGCGTGGAGGCTGAAGATGCTGCCACTTATTACTGCCAGCAGTATCATAGTGACCCACCCA,"Kos et al., 2022",2022-04-24 22:42:58,2022-04-24 22:42:58
6DFL,GATGTCCAGATGATTCAGTCTCCATCCTCCCTGTCTGCATCTTTGGGAGACATAGTCACCATGACTTGCCAGGCAAGTCAGGGCACTAGCATTAATTTAAACTGGTTTCAGCAAAAACCAGGGAAAGCTCCTAAGCTCCTGATCTATGGTGCAAGCAACTTGGAAGATGGGGTCCCATCAAGGTTCAGTGGCAGTAGATATGGGACAGATTTCACTCTCACCATCAGCAGCCTGGAGGATGAAGATATGGCAACTTATTTCTGTCTACAGCATAGTTATCTCCCTCC,GATGTCCAGATGATTCAGTCTCCATCCTCCCTGTCTGCATCTTTGGGAGACATAGTCACCATGACTTGCCAGGCAAGTCAGGGCACTAGCATTAATTTAAACTGGTTTCAGCAAAAACCAGGGAAAGCTCCTAAGCTCCTGATCTATGGTGCAAGCAACTTGGAAGATGGGGTCCCATCAAGGTTCAGTGGCAGTAGATATGGGACAGATTTCACTCTCACCATCAGCAGCCTGGAGGATGAAGATATGGCAACTTATTTCTGTCTACAGCATAGTTATCTCCCTCC,"Kos et al., 2022",2022-04-24 22:42:58,2022-04-24 22:42:58
RHVC,GACATCCAGATGACACAATCTTCATCCTCCTTGTCTGTATCTCTAGGAGACAGAGTCACCATTACTTGCAAGGCAAGTGAGCACATTAATAGTTGGTTAGCCTGGTATCAGCAAAAACCAGGAAATGCTCCTAGGCTCTTAATATCTGGTGCAACCAGTTTGGAAACTGGGGTTCCTTCAAGATTCAGTGGCAGTGCATCTGGAAAGGATTACACTCTCAGCATTACTAGTCTTCAGACTGAAGATGTTGCTACTTATTACTGTCAACAGTATTGGGGTACTCCTC,GACATCCAGATGACACAATCTTCATCCTCCTTGTCTGTATCTCTAGGAGACAGAGTCACCATTACTTGCAAGGCAAGTGAGCACATTAATAGTTGGTTAGCCTGGTATCAGCAAAAACCAGGAAATGCTCCTAGGCTCTTAATATCTGGTGCAACCAGTTTGGAAACTGGGGTTCCTTCAAGATTCAGTGGCAGTGCATCTGGAAAGGATTACACTCTCAGCATTACTAGTCTTCAGACTGAAGATGTTGCTACTTATTACTGTCAACAGTATTGGGGTACTCCTC,"Kos et al., 2022",2022-04-24 22:42:58,2022-04-24 22:42:58
2HY3,GACATTGTGATGACACAGTCTCCATCCTCCCTGAGTGTGTCAGCAGGAGATAAGGTCACTATGAGCTGCAAGTCCAGTCAGAGTCTGTTAAACAGTAGAAACCAAAAGAACTACTTGGCCTGGTACCAGCAGAAACCATGGCAGCCTCCTAAACTGCTGATCTACGGGGCATCCACTAGGGAATCTGGGGTCCCTGATCGCTTCACAGGCAGTGGATCTGGAACAGATTTCACTCTCACCATCAGCAGTGTGCAGGCTGAAGACCTGGCAGTTTATTACTGTCAGAATGATTATAGTTATCC,GACATTGTGATGACACAGTCTCCATCCTCCCTGAGTGTGTCAGCAGGAGATAAGGTCACTATGAGCTGCAAGTCCAGTCAGAGTCTGTTAAACAGTAGAAACCAAAAGAACTACTTGGCCTGGTACCAGCAGAAACCATGGCAGCCTCCTAAACTGCTGATCTACGGGGCATCCACTAGGGAATCTGGGGTCCCTGATCGCTTCACAGGCAGTGGATCTGGAACAGATTTCACTCTCACCATCAGCAGTGTGCAGGCTGAAGACCTGGCAGTTTATTACTGTCAGAATGATTATAGTTATCC,"Kos et al., 2022",2022-04-24 22:42:58,2022-04-24 22:42:58
Z6MZ,GACATCCAGATGACTCAGTCTCCAGCCTCCCTGGCTGCATCTGTGGGAGAAACCATCACCATCACATGTCAAGCAAGTGAGAACATTTACTTCAGTTTAGCATGGTATCAGCAGAAGCAAGGGAAATCTCCTCAGCTCCTGATCTATAATGCAAACAGCTTGGAAGATGGTGTCCCATCGAGGTTCAGTGGCAGTGGATCTGGGACACAGTATTCTATGAAGATCAACAGCATGCAGCCTGAAGATACTGCAACTTATTTCTGTAAACAGGCTTATGACTTTCCTCC,GACATCCAGATGACTCAGTCTCCAGCCTCCCTGGCTGCATCTGTGGGAGAAACCATCACCATCACATGTCAAGCAAGTGAGAACATTTACTTCAGTTTAGCATGGTATCAGCAGAAGCAAGGGAAATCTCCTCAGCTCCTGATCTATAATGCAAACAGCTTGGAAGATGGTGTCCCATCGAGGTTCAGTGGCAGTGGATCTGGGACACAGTATTCTATGAAGATCAACAGCATGCAGCCTGAAGATACTGCAACTTATTTCTGTAAACAGGCTTATGACTTTCCTCC,"Kos et al., 2022",2022-04-24 22:42:58,2022-04-24 22:42:58
GBJD,GATGCTGTGATGACCCAAACTCCACTCTCCCTGCCTGTCAGTCTTGGAGATCAAGCCTCCATCTCTTGCAGGTCTAGTCAGAGCCTTGAAAACAGTAATGGAAACACCTATTTGAACTGGTACCTCCAGAAACCAGGCCAGTCTCCACAGCTCCTGATCTACAGGGTTTCCAACCGATTTTCTGGGGTCCTAGACAGGTTCAGTGGTAGTGGATCAGGGACAGATTTCACACTGAAAATCAGCAGAGTGGAGGCTGAGGATTTGGGAGTTTATTTCTGCCTCCAAGTTACACATGTCCCTCC,GATGCTGTGATGACCCAAACTCCACTCTCCCTGCCTGTCAGTCTTGGAGATCAAGCCTCCATCTCTTGCAGGTCTAGTCAGAGCCTTGAAAACAGTAATGGAAACACCTATTTGAACTGGTACCTCCAGAAACCAGGCCAGTCTCCACAGCTCCTGATCTACAGGGTTTCCAACCGATTTTCTGGGGTCCTAGACAGGTTCAGTGGTAGTGGATCAGGGACAGATTTCACACTGAAAATCAGCAGAGTGGAGGCTGAGGATTTGGGAGTTTATTTCTGCCTCCAAGTTACACATGTCCCTCC,"Kos et al., 2022",2022-04-24 22:42:58,2022-04-24 22:42:58
FXL7,GAAATTGTGTTGACACAGTCTATACCATCCCTGACTGTGTCAGCAGGAGAGAGGGTCACTATCAGCTGCAAATCCAATCAGAATCTTTTATGGAGTGGAAACCAACGGTACTGTTTGGTCTGGCACCAGTGGAAACCAGGGCAAACTCCTACACCGTTGATCACCTGGACATCTGATAGGTACTCTGGAGTCCCTGATCGTTTCATAGGCAGTGGATCTGTGACAGATTTCACTCTGACCATCAGCAGTGTGCAGGATGAAGATGTGGCAGTTTATTTCTGTCAGCAGCATTTACACATTCCTCC,GAAATTGTGTTGACACAGTCTATACCATCCCTGACTGTGTCAGCAGGAGAGAGGGTCACTATCAGCTGCAAATCCAATCAGAATCTTTTATGGAGTGGAAACCAACGGTACTGTTTGGTCTGGCACCAGTGGAAACCAGGGCAAACTCCTACACCGTTGATCACCTGGACATCTGATAGGTACTCTGGAGTCCCTGATCGTTTCATAGGCAGTGGATCTGTGACAGATTTCACTCTGACCATCAGCAGTGTGCAGGATGAAGATGTGGCAGTTTATTTCTGTCAGCAGCATTTACACATTCCTCC,"Kos et al., 2022",2022-04-24 22:42:58,2022-04-24 22:42:58
ND7U,GAAATTGTGTTGACGCAGTCTATACCATCCCTGACTGTGTCAGCAGGAGAGAGGGTCACTATCAGCTGCAAATCCAATCAGAATCTTTTATGGAGTGGAAACCAAAGGTACTGTTTGGTCTGGCACCAGTGGAAACCAGGGCAAACTCCTACACCGTTGATCACCTGGACATCTGATAGATACTCTGGAGTCCCTGATCGTTTCATAGGCAGTGGATCTGTGACAGATTTCACTCTGACCATCAGCAGTGTGCAGGCTGAAGATGTGGCAGTTTATTTCTGTCAGCAGCATTTACACATTCCTCC,GAAATTGTGTTGACGCAGTCTATACCATCCCTGACTGTGTCAGCAGGAGAGAGGGTCACTATCAGCTGCAAATCCAATCAGAATCTTTTATGGAGTGGAAACCAAAGGTACTGTTTGGTCTGGCACCAGTGGAAACCAGGGCAAACTCCTACACCGTTGATCACCTGGACATCTGATAGATACTCTGGAGTCCCTGATCGTTTCATAGGCAGTGGATCTGTGACAGATTTCACTCTGACCATCAGCAGTGTGCAGGCTGAAGATGTGGCAGTTTATTTCTGTCAGCAGCATTTACACATTCCTCC,"Kos et al., 2022",2022-04-24 22:42:58,2022-04-24 22:42:58
VS6E,GACATCCAGATGACCCAGTCTCCATCCTCCTTATCTGCCTCTCTGGGAGAAAGAGTCAGTCTCACTTGTCGGGCAAGTCAGGAAATTAGTGGTTACTTAAGCTGGCTTCAGCAGAAACCAGATGGAACTATTAAACGCCTGATCTACGCCGCATCCACTTTAGATTCTGGTGTCCCAAAAAGGTTCAGTGGCAGTAGGTCTGGGTCAGATTATTCTCTCACCATCAGCAGCCTTGAGTCTGAAGATTTTGCAGACTATTACTGTCTACAATATGCTAGTTATCCT,GACATCCAGATGACCCAGTCTCCATCCTCCTTATCTGCCTCTCTGGGAGAAAGAGTCAGTCTCACTTGTCGGGCAAGTCAGGAAATTAGTGGTTACTTAAGCTGGCTTCAGCAGAAACCAGATGGAACTATTAAACGCCTGATCTACGCCGCATCCACTTTAGATTCTGGTGTCCCAAAAAGGTTCAGTGGCAGTAGGTCTGGGTCAGATTATTCTCTCACCATCAGCAGCCTTGAGTCTGAAGATTTTGCAGACTATTACTGTCTACAATATGCTAGTTATCCT,"Kos et al., 2022",2022-04-24 22:42:58,2022-04-24 22:42:58
SKCL,GAAATTGTGCTCACTCAGTCTCCAGCCATCACAGCTGCATCTCTGGGGCAAAAGGTCACCATCACCTGCAGTGCCAGCTCAAGTGTAAGTTACATGCACTGGTACCAGCAGAAGTCAGGCACCTCCCCCAAACCATGGATTTATGAAATATCCAAACTGGCTTCTGGAGTCCCAGCTCGCTTCAGTGGCAGTGGGTCTGGGACCTCTTACTCTCTCACAATCAGCAGCATGGAGGCTGAAGATGCTGCCATTTATTACTGCCAGCAGTGGAATTATCCACTTA,GAAATTGTGCTCACTCAGTCTCCAGCCATCACAGCTGCATCTCTGGGGCAAAAGGTCACCATCACCTGCAGTGCCAGCTCAAGTGTAAGTTACATGCACTGGTACCAGCAGAAGTCAGGCACCTCCCCCAAACCATGGATTTATGAAATATCCAAACTGGCTTCTGGAGTCCCAGCTCGCTTCAGTGGCAGTGGGTCTGGGACCTCTTACTCTCTCACAATCAGCAGCATGGAGGCTGAAGATGCTGCCATTTATTACTGCCAGCAGTGGAATTATCCACTTA,"Kos et al., 2022",2022-04-24 22:42:58,2022-04-24 22:42:58
4KHP,GACATCCTGATGACCCAGTCTCCAGCCACCCTGTCTGTGACTCCAGGAGAAACAGTCAGTCTTTCCTGTAGGGCCAGCCAGAATACTTACAAGAACCTACACTGGTATCAACAGAAATCACATGGGACTCCAAAGCTTCTCATCAAGTATGCATCTGATCCCATCTCTGGGATCCCCTCCAGGTTCACTGGCAGTGGATCAGGGACAGATTACACTCTCAGTATCAACAGTGTGAAGCCCGAAGATGAAGGAATATATTACTGTCTTCAAGGTTACAGCATGCCT,GACATCCTGATGACCCAGTCTCCAGCCACCCTGTCTGTGACTCCAGGAGAAACAGTCAGTCTTTCCTGTAGGGCCAGCCAGAATACTTACAAGAACCTACACTGGTATCAACAGAAATCACATGGGACTCCAAAGCTTCTCATCAAGTATGCATCTGATCCCATCTCTGGGATCCCCTCCAGGTTCACTGGCAGTGGATCAGGGACAGATTACACTCTCAGTATCAACAGTGTGAAGCCCGAAGATGAAGGAATATATTACTGTCTTCAAGGTTACAGCATGCCT,"Kos et al., 2022",2022-04-24 22:42:58,2022-04-24 22:42:58
YL5W,GACATTGTGATGACTCAGTCTCCAACTTTCCTTGCTGTGACAGCAAGTAAGAAGGTCACCATTAGTTGCACGGCCAGTGAGAGCCTTTATTCAAGCAAACACAAGGTGAACTACTTAGCTTGGTACCAGAAGAAACCAGAGCAATCTCCTAAACTGCTGATTTATGGGGCATCCAACCGATTCACTGGGGTCCCTGATCGCTTCACAGGCAGTGGATCTGGGACAGATTTCACTCTGACCATCAGCAGTGTGCAGGCTGAAGACCTCACACATTATTACTGTGCACAGTTTTACAGCTATCCTCT,GACATTGTGATGACTCAGTCTCCAACTTTCCTTGCTGTGACAGCAAGTAAGAAGGTCACCATTAGTTGCACGGCCAGTGAGAGCCTTTATTCAAGCAAACACAAGGTGAACTACTTAGCTTGGTACCAGAAGAAACCAGAGCAATCTCCTAAACTGCTGATTTATGGGGCATCCAACCGATTCACTGGGGTCCCTGATCGCTTCACAGGCAGTGGATCTGGGACAGATTTCACTCTGACCATCAGCAGTGTGCAGGCTGAAGACCTCACACATTATTACTGTGCACAGTTTTACAGCTATCCTCT,"Kos et al., 2022",2022-04-24 22:42:58,2022-04-24 22:42:58
IUFX,GATGTTGTTCTGACCCAAACTCCACTCTCTCTGCCTGTCAATATTGGAGATCAAGCCTCTATCTCTTGCAAGTCTACTAAGAGCCTTCTGAATAGTGATGGATTCACTTATTTGGGCTGGTACCTGCAGAAGCCAGGCCAGTCTCCACAGCTCCTAATATATTTGGTTTCTAATCGATTTTCTGGAGTTCCAGACAGGTTCAGTGGTAGTGGGTCAGGGACAGATTTCACCCTCAAGATCAGCAGAGTGGAGGCTGAGGATTTGGGAGTTTATTATTGCTTCCAGAGTAACTATCTTCCTCT,GATGTTGTTCTGACCCAAACTCCACTCTCTCTGCCTGTCAATATTGGAGATCAAGCCTCTATCTCTTGCAAGTCTACTAAGAGCCTTCTGAATAGTGATGGATTCACTTATTTGGGCTGGTACCTGCAGAAGCCAGGCCAGTCTCCACAGCTCCTAATATATTTGGTTTCTAATCGATTTTCTGGAGTTCCAGACAGGTTCAGTGGTAGTGGGTCAGGGACAGATTTCACCCTCAAGATCAGCAGAGTGGAGGCTGAGGATTTGGGAGTTTATTATTGCTTCCAGAGTAACTATCTTCCTCT,"Kos et al., 2022",2022-04-24 22:42:58,2022-04-24 22:42:58
NO3E,TGCATTGTGATGACCCAGTCTCACAAATTCATGTCCACATCAGTAGGAGACAGGGTCAGCATCACCTGCAAGGCCAGTCAGGATGTGAGTACTGCTGTAGCCTGGTATCAACAAAAACCAGGGCAATCTCCTAAACTACTGATTTACTGGGCATCCACCCGGCACACTGGAGTCCCTGATCGCTTCACAGGCAGTGGATCTGGGACAGATTTCACTCTTACCATCAGCAGTGTGCAGGCTGAAGACCTGGCACTTTATTACTGTCAGCAACATTATAGCACTCCTC,TGCATTGTGATGACCCAGTCTCACAAATTCATGTCCACATCAGTAGGAGACAGGGTCAGCATCACCTGCAAGGCCAGTCAGGATGTGAGTACTGCTGTAGCCTGGTATCAACAAAAACCAGGGCAATCTCCTAAACTACTGATTTACTGGGCATCCACCCGGCACACTGGAGTCCCTGATCGCTTCACAGGCAGTGGATCTGGGACAGATTTCACTCTTACCATCAGCAGTGTGCAGGCTGAAGACCTGGCACTTTATTACTGTCAGCAACATTATAGCACTCCTC,"Kos et al., 2022",2022-04-24 22:42:58,2022-04-24 22:42:58
ZRWD,GATGTTGTGGTGACTCAAACTCCACTCTCCCTGCCTGTCAGCTTTGGAGATCAAGTTTCTATCTCTTGCAGGTCTAGTCAGAGTCTTGCAAACAGTTATGGGAACACCTATTTGTCTTGGTACCTGCACAAGCCTGGCCAGTCTCCACAGCTCCTCATCTATGGGATTTCCAACAGATTTTCCGGGGTGCCAGACAGGTTCAGTGGCAGTGGTTCAGGGACAGATTTCACACTCAAGATCAGCACAATAAAGCCTGAGGACTTGGGAATGTATTACTGCTTACAAGGTACACATCAGCCTCC,GATGTTGTGGTGACTCAAACTCCACTCTCCCTGCCTGTCAGCTTTGGAGATCAAGTTTCTATCTCTTGCAGGTCTAGTCAGAGTCTTGCAAACAGTTATGGGAACACCTATTTGTCTTGGTACCTGCACAAGCCTGGCCAGTCTCCACAGCTCCTCATCTATGGGATTTCCAACAGATTTTCCGGGGTGCCAGACAGGTTCAGTGGCAGTGGTTCAGGGACAGATTTCACACTCAAGATCAGCACAATAAAGCCTGAGGACTTGGGAATGTATTACTGCTTACAAGGTACACATCAGCCTCC,"Kos et al., 2022",2022-04-24 22:42:58,2022-04-24 22:42:58
HL2J,GATGTTGTGATGACCCAGACTCCACTGTCTTTGTCGGTTACCATTGGACAACCAGCCTCTATCTCTTGCAAGTCAAGTCAGAGCCTCTTATATAGTAATGGAAAGACATATTTGAATTGGTTACAACAGAGGCCTGGCCAGGCTCCAAAGCACCTAATGTATCAGGTGTCCAAACTGGACCCTGGCATCCCTGACAGGTTCAGTGGCAGTGGATCAGAAACAGATTTTACACTTAAAATCAGCAGAGTGGAGGCTGAAGATTTGGGAGTTTATTACTGCTTGCAAGGTACATATTATCCTCA,GATGTTGTGATGACCCAGACTCCACTGTCTTTGTCGGTTACCATTGGACAACCAGCCTCTATCTCTTGCAAGTCAAGTCAGAGCCTCTTATATAGTAATGGAAAGACATATTTGAATTGGTTACAACAGAGGCCTGGCCAGGCTCCAAAGCACCTAATGTATCAGGTGTCCAAACTGGACCCTGGCATCCCTGACAGGTTCAGTGGCAGTGGATCAGAAACAGATTTTACACTTAAAATCAGCAGAGTGGAGGCTGAAGATTTGGGAGTTTATTACTGCTTGCAAGGTACATATTATCCTCA,"Kos et al., 2022",2022-04-24 22:42:58,2022-04-24 22:42:58
LYWY,CAAATTGTTCTCACCCAGTCTCCAGCAATCATGTCTGCATCTCCAGGGGAGAAGGTCACCATGACCTGCAGTGCCAGCTCAAGTGTAAGTTACATGTACTGGTACCAGCAGAAGCCAGGATCCTCCCCCAGACTCTGGATTTATGACACATCCAACCTGGCTTCTGGAGTCCCCGCTCGCTTCAGTGGCAGTAGGTCTGGGACCTCTTATTCTCTCACAATCAGCAGCATGGAGGCTGAAGATGCTGCCACTTATTACTGCCATCAGCGGAGTAGTTACCCATCCA,CAAATTGTTCTCACCCAGTCTCCAGCAATCATGTCTGCATCTCCAGGGGAGAAGGTCACCATGACCTGCAGTGCCAGCTCAAGTGTAAGTTACATGTACTGGTACCAGCAGAAGCCAGGATCCTCCCCCAGACTCTGGATTTATGACACATCCAACCTGGCTTCTGGAGTCCCCGCTCGCTTCAGTGGCAGTAGGTCTGGGACCTCTTATTCTCTCACAATCAGCAGCATGGAGGCTGAAGATGCTGCCACTTATTACTGCCATCAGCGGAGTAGTTACCCATCCA,"Kos et al., 2022",2022-04-24 22:42:58,2022-04-24 22:42:58
E7FA,GAAAATGTGCTGACCCAGTCTCCAGCAATCATGGCTGCATCTCCAGGGGAGAAGGTCACCATGACCTGCAGTGCCAGCTCAAGTGTAAGTTCTGGTAACTTTCACTGGTACCAGCAGAAGCCAGGCACTTCTCCCAAACTCTGGATTTATAGGACATCCAACCTGGCTTCTGGAGTCCCCGCTCGCTTCAGTGGCAGTGGGTCTGGGACCTCTTACTCTCTTACAATCAGCAGCATGGAGGCCGAAGATGCTGCCACTTATTACTGCCAGCAGTGGAGTGGTTACCCACTCA,GAAAATGTGCTGACCCAGTCTCCAGCAATCATGGCTGCATCTCCAGGGGAGAAGGTCACCATGACCTGCAGTGCCAGCTCAAGTGTAAGTTCTGGTAACTTTCACTGGTACCAGCAGAAGCCAGGCACTTCTCCCAAACTCTGGATTTATAGGACATCCAACCTGGCTTCTGGAGTCCCCGCTCGCTTCAGTGGCAGTGGGTCTGGGACCTCTTACTCTCTTACAATCAGCAGCATGGAGGCCGAAGATGCTGCCACTTATTACTGCCAGCAGTGGAGTGGTTACCCACTCA,"Kos et al., 2022",2022-04-24 22:42:58,2022-04-24 22:42:58
MJ3T,AACATTATGATGACACAGTCGCCATCATCTCTGGCTGTGTCTGCAGGAGAAAAGGTCACTATGAGCTGTAAGTCCAGTCAAAGTGTTTTATACAGTTCAAATCAGAAGAACTACTTGGCCTGGTACCAGCAGAAACCAGGGCAGTCTCCTAAACTGCTGATCTACTGGGCATCCACTAGGGAATCTGGTGTCCCTGATCGCTTCACAGGCAGTGGATCTGGGACAGATTTTACTCTTACCATCAGCAGTGTACAAGCTGAAGACCTGGCAGTTTATTACTGTCATCAATACCTCTCCTCG,AACATTATGATGACACAGTCGCCATCATCTCTGGCTGTGTCTGCAGGAGAAAAGGTCACTATGAGCTGTAAGTCCAGTCAAAGTGTTTTATACAGTTCAAATCAGAAGAACTACTTGGCCTGGTACCAGCAGAAACCAGGGCAGTCTCCTAAACTGCTGATCTACTGGGCATCCACTAGGGAATCTGGTGTCCCTGATCGCTTCACAGGCAGTGGATCTGGGACAGATTTTACTCTTACCATCAGCAGTGTACAAGCTGAAGACCTGGCAGTTTATTACTGTCATCAATACCTCTCCTCG,"Kos et al., 2022",2022-04-24 22:42:58,2022-04-24 22:42:58
