gene_label,type,functional,inference_type,species_subgroup,watson_et_al,imgt,alt_names,notes,sequence,sequence_gapped
IGHV-3BWA,IGHV,Y,Rearranged,CAST_EiJ,CAST_EiJ_IGHV1-1,IGHV1-12*01|Mus_musculus_C57BL/6,watson_et_al:CAST_EiJ_IGHV1-1,,CAGGCTTATCTACAGCAGTCTGGGGCTGAGCTGGTGAGGCCTGGGGCCTCAGTGAAGATGTCCTGCAAGGCTTCTGGCTACACATTTACCAGTTACAATATGCACTGGGTAAAGCAGACACCTAGACAGGGCCTGGAATGGATTGGAGCTATTTATCCAGGAAATGGTGATACTTCCTACAATCAGAAGTTCAAGGGCAAGGCCACACTGACTGTAGACAAATCCTCCAGCACAGCCTACATGCAGCTCAGCAGCCTGACATCTGAAGACTCTGCGGTCTATTTCTGTGCAAG,CAGGCTTATCTACAGCAGTCTGGGGCT...GAGCTGGTGAGGCCTGGGGCCTCAGTGAAGATGTCCTGCAAGGCTTCTGGCTACACATTT............ACCAGTTACAATATGCACTGGGTAAAGCAGACACCTAGACAGGGCCTGGAATGGATTGGAGCTATTTATCCAGGA......AATGGTGATACTTCCTACAATCAGAAGTTCAAG...GGCAAGGCCACACTGACTGTAGACAAATCCTCCAGCACAGCCTACATGCAGCTCAGCAGCCTGACATCTGAAGACTCTGCGGTCTATTTCTGTGCAAG
IGHV-QCJW,IGHV,Y,Rearranged,CAST_EiJ,CAST_EiJ_IGHV1-10,,watson_et_al:CAST_EiJ_IGHV1-10,,GAGGTCCAGCTGCAACAATCTGGACCTGAGCTGGTGAAGCCTGGGGCTTCAGTGAAGATGTCCTGTAAGGCTTCTGGATACACATTCACTGACTACTACATGAAGTGGGTGAAGCAGAGCCCTGGAAAGAGCCTTGAGTGGATTGGAGATATTAATCCTAACAATGGTGGTACTAGCTACAACCAGAAGTTCAAGGGCAAGGCCACATTGACTGTAGACAAATCCTCCAGCACAGCCTACATGCAGCTCAACAGCCTGACATCTGAGGACTCTGCAGTCTATTACTGTGC,GAGGTCCAGCTGCAACAATCTGGACCT...GAGCTGGTGAAGCCTGGGGCTTCAGTGAAGATGTCCTGTAAGGCTTCTGGATACACATTC............ACTGACTACTACATGAAGTGGGTGAAGCAGAGCCCTGGAAAGAGCCTTGAGTGGATTGGAGATATTAATCCTAAC......AATGGTGGTACTAGCTACAACCAGAAGTTCAAG...GGCAAGGCCACATTGACTGTAGACAAATCCTCCAGCACAGCCTACATGCAGCTCAACAGCCTGACATCTGAGGACTCTGCAGTCTATTACTGTGC
IGHV-JCQC,IGHV,Y,Rearranged,CAST_EiJ,CAST_EiJ_IGHV1-11,,watson_et_al:CAST_EiJ_IGHV1-11,,GAGGTCCAGCTGCAGCAGTCTGGACCTGAGCTGGTGAAGCCTGGGGCTTCAGTGAAGATGTCCTGCAAGGCTTCTGGATACACATTCACTGACTACTACATGCACTGGGTGAAGCAGAGCCATGGAAAGAGCCTTGAGTGGATTGGAGGTATTAATCCTAACAATGGTGGTACTGGCTACAACCAGAAGTTCAAGGGTAAGTCCACATTGACTGTAGACAAGTCCTCCAGCACAGCCTACATGGAGCTCCGCAGCCTGACATCTGAGGACGCTGCAGTCTATTACTGTGCAAGA,GAGGTCCAGCTGCAGCAGTCTGGACCT...GAGCTGGTGAAGCCTGGGGCTTCAGTGAAGATGTCCTGCAAGGCTTCTGGATACACATTC............ACTGACTACTACATGCACTGGGTGAAGCAGAGCCATGGAAAGAGCCTTGAGTGGATTGGAGGTATTAATCCTAAC......AATGGTGGTACTGGCTACAACCAGAAGTTCAAG...GGTAAGTCCACATTGACTGTAGACAAGTCCTCCAGCACAGCCTACATGGAGCTCCGCAGCCTGACATCTGAGGACGCTGCAGTCTATTACTGTGCAAGA
IGHV-A4OO,IGHV,Y,Rearranged,CAST_EiJ,CAST_EiJ_IGHV1-12,,watson_et_al:CAST_EiJ_IGHV1-12,,GAGGTCCAGCTGCAGCAGTCTGGACCTGAGCTGGTGAAGCCTGGGGCTTCAGTGAAGATATCCTGCAAGGCTTCTGGATACACATTCACTGACTACAACATGCACTGGGTGAAGCAGAGCCATGGAAAGAGCATTGAGTGGATTGGATATATTTATCCTAACAATGGTGGTACTGGCTACAACCAGAAGTTCAAGGGCAAGGCCACATTGACTGTAGACAAGTCCTCCAGCACAGCCTACATGGAGCTCCGCAGCCTGACATCTGAGGACTCTGCAGTCTATTACTGTGC,GAGGTCCAGCTGCAGCAGTCTGGACCT...GAGCTGGTGAAGCCTGGGGCTTCAGTGAAGATATCCTGCAAGGCTTCTGGATACACATTC............ACTGACTACAACATGCACTGGGTGAAGCAGAGCCATGGAAAGAGCATTGAGTGGATTGGATATATTTATCCTAAC......AATGGTGGTACTGGCTACAACCAGAAGTTCAAG...GGCAAGGCCACATTGACTGTAGACAAGTCCTCCAGCACAGCCTACATGGAGCTCCGCAGCCTGACATCTGAGGACTCTGCAGTCTATTACTGTGC
IGHV-4QXK,IGHV,Y,Rearranged,CAST_EiJ,CAST_EiJ_IGHV1-13,,watson_et_al:CAST_EiJ_IGHV1-13,,GAGGTCCAGCTGCAACAGTCTGGACCTGAGCTGGTGAAGCCTGGGGCTTCAGTGAAGATATCCTGCAAGGCTTCTGGCTACACATTCACTGACTACTACATGCACTGGGTGAAGCAGAGCCATGGAAAGAGCCTTGAGTGGATTGGATATATTTATCCTAACAATGGTGGTACTAGCTACAACCAGAAGTTCAAGGGCAAGGCCACATTGACTGTAGACAAATCCTCCAGCACAGCCTACATGGAGCTCCGCAGCCTGACATCTGAGGACTCTGCAGTCTATTACTGTG,GAGGTCCAGCTGCAACAGTCTGGACCT...GAGCTGGTGAAGCCTGGGGCTTCAGTGAAGATATCCTGCAAGGCTTCTGGCTACACATTC............ACTGACTACTACATGCACTGGGTGAAGCAGAGCCATGGAAAGAGCCTTGAGTGGATTGGATATATTTATCCTAAC......AATGGTGGTACTAGCTACAACCAGAAGTTCAAG...GGCAAGGCCACATTGACTGTAGACAAATCCTCCAGCACAGCCTACATGGAGCTCCGCAGCCTGACATCTGAGGACTCTGCAGTCTATTACTGTG
IGHV-LHW4,IGHV,Y,Rearranged,CAST_EiJ,CAST_EiJ_IGHV1-14,,watson_et_al:CAST_EiJ_IGHV1-14,,GAGATCCAGCTGCAGCAGACTGGACCTGAGCTGGTGAAGCCTGGGGCTTCAGTGAAGATATCCTGCAAGGCTTCTGGTTATTCATTCACTGACTACATCATGCTCTGGGTGAAGCAGAGCCATGGAAAGAGCCTTGAGTGGATTGGAAATATTAATCCTTACTATGGTAGTACTAGCTACAATCAGAAGTTCAAGGGAAAGGCCACATTGACTGTAGACAAATCTTCCAGCACAGCCTACATGCAGCTCAACAGCCTGACATCTGAGGACTCTGCAGTCTATTACTGTGCA,GAGATCCAGCTGCAGCAGACTGGACCT...GAGCTGGTGAAGCCTGGGGCTTCAGTGAAGATATCCTGCAAGGCTTCTGGTTATTCATTC............ACTGACTACATCATGCTCTGGGTGAAGCAGAGCCATGGAAAGAGCCTTGAGTGGATTGGAAATATTAATCCTTAC......TATGGTAGTACTAGCTACAATCAGAAGTTCAAG...GGAAAGGCCACATTGACTGTAGACAAATCTTCCAGCACAGCCTACATGCAGCTCAACAGCCTGACATCTGAGGACTCTGCAGTCTATTACTGTGCA
IGHV-33YF,IGHV,Y,Rearranged,CAST_EiJ,CAST_EiJ_IGHV1-15,,watson_et_al:CAST_EiJ_IGHV1-15,,GAGATCCAGCTGCAGCAGTCTGGACCTGAGCTGGTGAAGCCTGGGGCTTCAGTGAAGATATCCTGCAAGGCTTCTGGTTACTCATTCACTGGCTACTACATGCACTGGGTGAAGCAAAGTCCTGAAAAGAGCCTTGAGTGGATTGGAGAGATTAATCCTAGCACTGGTGGTACTACCTACAACCAGAAGTTCAAGGGCAAGGCCACATTGACTGTAGACAAATCCTCCAGCACAGCCTACATGCAGCTCAACAGCCTGACATCTGAGGACTCTGCAGTCTATTACTGTGCAA,GAGATCCAGCTGCAGCAGTCTGGACCT...GAGCTGGTGAAGCCTGGGGCTTCAGTGAAGATATCCTGCAAGGCTTCTGGTTACTCATTC............ACTGGCTACTACATGCACTGGGTGAAGCAAAGTCCTGAAAAGAGCCTTGAGTGGATTGGAGAGATTAATCCTAGC......ACTGGTGGTACTACCTACAACCAGAAGTTCAAG...GGCAAGGCCACATTGACTGTAGACAAATCCTCCAGCACAGCCTACATGCAGCTCAACAGCCTGACATCTGAGGACTCTGCAGTCTATTACTGTGCAA
IGHV-SLAG,IGHV,Y,Rearranged,CAST_EiJ,CAST_EiJ_IGHV1-16,IGHV1-47*01|Mus_musculus_C57BL/6,watson_et_al:CAST_EiJ_IGHV1-16,,CAGGTTCAGCTGCAGCAGTCTGGGGCTGAGCTAGTGAAGCCTGGAGCCTCAGTGAAGATGTCCTGCAAGGCTTCTGGCTACACCTTCACTACCTATCCTATAGAGTGGATGAAGCAGAATCATGGAAAGAGCCTAGAGTGGATTGGAAATTTTCATCCTTACAATGATGATACTAAGTACAATGAAAAGTTCAAGGGCAAGGCCACATTGACTGTAGAAAAATCCTCTAGCACAGTCTACTTGGAGCTCAGCCGATTAACATCTGATGACTCTGCTGTTTATTACTGTGC,CAGGTTCAGCTGCAGCAGTCTGGGGCT...GAGCTAGTGAAGCCTGGAGCCTCAGTGAAGATGTCCTGCAAGGCTTCTGGCTACACCTTC............ACTACCTATCCTATAGAGTGGATGAAGCAGAATCATGGAAAGAGCCTAGAGTGGATTGGAAATTTTCATCCTTAC......AATGATGATACTAAGTACAATGAAAAGTTCAAG...GGCAAGGCCACATTGACTGTAGAAAAATCCTCTAGCACAGTCTACTTGGAGCTCAGCCGATTAACATCTGATGACTCTGCTGTTTATTACTGTGC
IGHV-VTEX,IGHV,Y,Rearranged,CAST_EiJ,CAST_EiJ_IGHV1-17,,watson_et_al:CAST_EiJ_IGHV1-17,,GAGGTTCAGCTCCAGCAGTCTGGGACTGTGCTGGCAAGGCCTGGGGCTTCAGTGAAGATGTCCTGCAAGGCTTCTGGCTACACCTTTACCAGCTACTGGATGCACTGGGTAAAACAGAGGCCTGGACAGGGTCTGGAATGGATTGGCGCTATTTATCCTGGAAATAGTGATACTAGCTACAACCAGAAGTTCAAGGGCAAGGCCAAACTGACTGCAGTCACATCCACCAGCACTGCCTACATGGAGCTCAGCAGCCTGACAAATGAGGACTCTGCGGTCTATTACTGTAC,GAGGTTCAGCTCCAGCAGTCTGGGACT...GTGCTGGCAAGGCCTGGGGCTTCAGTGAAGATGTCCTGCAAGGCTTCTGGCTACACCTTT............ACCAGCTACTGGATGCACTGGGTAAAACAGAGGCCTGGACAGGGTCTGGAATGGATTGGCGCTATTTATCCTGGA......AATAGTGATACTAGCTACAACCAGAAGTTCAAG...GGCAAGGCCAAACTGACTGCAGTCACATCCACCAGCACTGCCTACATGGAGCTCAGCAGCCTGACAAATGAGGACTCTGCGGTCTATTACTGTAC
IGHV-LOR6,IGHV,Y,Rearranged,CAST_EiJ,CAST_EiJ_IGHV1-18,,watson_et_al:CAST_EiJ_IGHV1-18,,CAGGTCCAATTGCAGCAGCCTGGGGCTGAACTGGTGAAGCCTGGGGCTTCAGTGAAGTTGTCCTGCAAGGCTTCTGGCTACACCTTCACAAGCTACTGGATGCACTGGGTGAAGCAGAGGCCTGGACAAGGCCTTGAGTGGATTGGATATATTTATCCTCGTAGTGGTAGTACTAACTACAATGAGAAGTTCAAGAGCAAGGCCACACTGACTGTAGACAAATCCTCCAGCACAGCCTACATGCAGCTCAGCAGCCTGACATCTGAGGACTCTGCGGTCTATTACTGTGC,CAGGTCCAATTGCAGCAGCCTGGGGCT...GAACTGGTGAAGCCTGGGGCTTCAGTGAAGTTGTCCTGCAAGGCTTCTGGCTACACCTTC............ACAAGCTACTGGATGCACTGGGTGAAGCAGAGGCCTGGACAAGGCCTTGAGTGGATTGGATATATTTATCCTCGT......AGTGGTAGTACTAACTACAATGAGAAGTTCAAG...AGCAAGGCCACACTGACTGTAGACAAATCCTCCAGCACAGCCTACATGCAGCTCAGCAGCCTGACATCTGAGGACTCTGCGGTCTATTACTGTGC
IGHV-TRDF,IGHV,Y,Rearranged,CAST_EiJ,CAST_EiJ_IGHV1-19,,watson_et_al:CAST_EiJ_IGHV1-19,,CAGGTCCAGCTGCAGCAGTCTGGAGCTGAGTTGGTAAGGCCTGGGACTTCAGTGAAGGTGTCCTGCAAGGCTTCTGGATATGCCTTCACTAATTACTTGATAGAGTGGGTAAAGCAGAGGCCTGGACAGGGCCTTGAGTGGATTGGAGTGATTAATCCTGGAAGTGGTGGTACTAACTACAATGAGAAGTTCAAGGGCAAGGCAACACTGACTGCAGACAAATCCTCCAGCACTGCCTACATGCAGCTCAGCAGCCTGACATCTGAGGACTCTGCGGTCTATTTCTGTGCAA,CAGGTCCAGCTGCAGCAGTCTGGAGCT...GAGTTGGTAAGGCCTGGGACTTCAGTGAAGGTGTCCTGCAAGGCTTCTGGATATGCCTTC............ACTAATTACTTGATAGAGTGGGTAAAGCAGAGGCCTGGACAGGGCCTTGAGTGGATTGGAGTGATTAATCCTGGA......AGTGGTGGTACTAACTACAATGAGAAGTTCAAG...GGCAAGGCAACACTGACTGCAGACAAATCCTCCAGCACTGCCTACATGCAGCTCAGCAGCCTGACATCTGAGGACTCTGCGGTCTATTTCTGTGCAA
IGHV-6HLN,IGHV,Y,Rearranged,CAST_EiJ,CAST_EiJ_IGHV1-2,,watson_et_al:CAST_EiJ_IGHV1-2,,CAGGTTCAGTTGAAGCAGTCTGGAGCTGAGCTGGTGAAGCCTGGGGCTTCAGTGAAGCTGTCCTGCAAGGCTTCTGGCTACACCTTCACCAGCTATATTATGCACTGGGTGAAGCAGAGGCCTGGACAGGGCCTTGAGTGGATAGGATACTTTTTTCCTTACAATGATGATACTAAATGCAATGAGAAGTTCAAAGGCAAGGCCACACTGACTGCAGACAAATCCTCCAGCACAGCCTACATGGAGCTCAGCAGCCTGACTTCTGAGGACTCTGCCGTCTATTACTGTGCAA,CAGGTTCAGTTGAAGCAGTCTGGAGCT...GAGCTGGTGAAGCCTGGGGCTTCAGTGAAGCTGTCCTGCAAGGCTTCTGGCTACACCTTC............ACCAGCTATATTATGCACTGGGTGAAGCAGAGGCCTGGACAGGGCCTTGAGTGGATAGGATACTTTTTTCCTTAC......AATGATGATACTAAATGCAATGAGAAGTTCAAA...GGCAAGGCCACACTGACTGCAGACAAATCCTCCAGCACAGCCTACATGGAGCTCAGCAGCCTGACTTCTGAGGACTCTGCCGTCTATTACTGTGCAA
IGHV-CMAO,IGHV,Y,Rearranged,CAST_EiJ,CAST_EiJ_IGHV1-20,,watson_et_al:CAST_EiJ_IGHV1-20,,CAGGTCCAACTGCAGCAGCCTGGGGCTGAGCTTGTGAAGCCTGGGGCTTCAGTGAAGATGTCCTGCAAGGCTTCTGGCTACACCTTCACCAGCTACTGGATAAACTGGGTGAAGCAGAGGCCTGGACAAGGCCTTGAGTGGATTGGAGATATTTATCCTGGTAGTGGTAGTACTAACTACAATGAGAAGTTCAAGAGCAAGGCCACACTGACTGTAGACACATCCTCCAGCACAGCCTACATGCAGCTCAGCAGCCTGACATCTGAGGACTCTGCGGTCTATTATTGTGC,CAGGTCCAACTGCAGCAGCCTGGGGCT...GAGCTTGTGAAGCCTGGGGCTTCAGTGAAGATGTCCTGCAAGGCTTCTGGCTACACCTTC............ACCAGCTACTGGATAAACTGGGTGAAGCAGAGGCCTGGACAAGGCCTTGAGTGGATTGGAGATATTTATCCTGGT......AGTGGTAGTACTAACTACAATGAGAAGTTCAAG...AGCAAGGCCACACTGACTGTAGACACATCCTCCAGCACAGCCTACATGCAGCTCAGCAGCCTGACATCTGAGGACTCTGCGGTCTATTATTGTGC
IGHV-JC43,IGHV,Y,Rearranged,CAST_EiJ,CAST_EiJ_IGHV1-21,,watson_et_al:CAST_EiJ_IGHV1-21,,CAGGTCCAACTGCAGCAGCCTGGGGCTGAGCTTGTGAAGCCTGGGGCTTCAGTGAAGATGTCATGCAAGGCTTCTGGCTACACCTTCACCAGCTACTGGATAACCTGGGTGAAGCAGAGGCCTGGACAAGGCCTTGAGTGGATTGGAGATATTTATCCTGGTAGTGGTAGTACTAACTACAATGAGAAGTTCAAGAGCAAGGCCACACTGACTGTAGACACATCCTCCAGCACAGCCTACATGCAGCTCAGCAGCCTGACATCTGAGGACTCTGCGGTCTATTACTGT,CAGGTCCAACTGCAGCAGCCTGGGGCT...GAGCTTGTGAAGCCTGGGGCTTCAGTGAAGATGTCATGCAAGGCTTCTGGCTACACCTTC............ACCAGCTACTGGATAACCTGGGTGAAGCAGAGGCCTGGACAAGGCCTTGAGTGGATTGGAGATATTTATCCTGGT......AGTGGTAGTACTAACTACAATGAGAAGTTCAAG...AGCAAGGCCACACTGACTGTAGACACATCCTCCAGCACAGCCTACATGCAGCTCAGCAGCCTGACATCTGAGGACTCTGCGGTCTATTACTGT
IGHV-JXHT,IGHV,Y,Rearranged,CAST_EiJ,CAST_EiJ_IGHV1-22,,watson_et_al:CAST_EiJ_IGHV1-22,,AAGGTCCAGCTGCAGCAGTCTGGAGCTGAGCTAGTGAAACCCGGGGCATCAGTGAAGCTGTCCTGCAAGGCTTCTGGCTACACCTTCACTGAGTATATTATACACTGGGTAAAGCAGAGGTCTGGACAGGGTCTTGAGTGGATTGGGTGGTTTTACCCTGGAAGTGGTAGTATAAAGTACAATGAGAAATTCAAGGACAAGGCCACATTGACTGCGGACAAATCCTCCAGCACAGTCTATATGGAGCTTAGTAGATTGACATCTGAAGACTCTGCGGTCTATTTCTGTGCAAGACACGAA,AAGGTCCAGCTGCAGCAGTCTGGAGCT...GAGCTAGTGAAACCCGGGGCATCAGTGAAGCTGTCCTGCAAGGCTTCTGGCTACACCTTC............ACTGAGTATATTATACACTGGGTAAAGCAGAGGTCTGGACAGGGTCTTGAGTGGATTGGGTGGTTTTACCCTGGA......AGTGGTAGTATAAAGTACAATGAGAAATTCAAG...GACAAGGCCACATTGACTGCGGACAAATCCTCCAGCACAGTCTATATGGAGCTTAGTAGATTGACATCTGAAGACTCTGCGGTCTATTTCTGTGCAAGACACGAA
IGHV-VL52,IGHV,Y,Rearranged,CAST_EiJ,CAST_EiJ_IGHV1-23,,watson_et_al:CAST_EiJ_IGHV1-23,,AAGGTCCAGCTGCAGCAGTCTGGAGCTGAGCTGGTGAAACCCGGGGCATCAGTGAAGCTGTCCTGCAAGGCTTCTGGCTACACCTTCACTGAGTATATTATACACTGGGTAAAGCAGAGGTCTGGACAGGGTCTTGAGTGGATTGGGTGGTTTTACCCTGGAAGTGGTAGTATAAAGTACAATGAGAAATTCAAGGACAAGGCCACATTGACTGCGGACAAATCCTCCAGCACAGTCTATATGGAGCTTAGTAGATTGACATCTGAAGACTCTGCGGTCTATTTCTGTGCAAGACACGAAG,AAGGTCCAGCTGCAGCAGTCTGGAGCT...GAGCTGGTGAAACCCGGGGCATCAGTGAAGCTGTCCTGCAAGGCTTCTGGCTACACCTTC............ACTGAGTATATTATACACTGGGTAAAGCAGAGGTCTGGACAGGGTCTTGAGTGGATTGGGTGGTTTTACCCTGGA......AGTGGTAGTATAAAGTACAATGAGAAATTCAAG...GACAAGGCCACATTGACTGCGGACAAATCCTCCAGCACAGTCTATATGGAGCTTAGTAGATTGACATCTGAAGACTCTGCGGTCTATTTCTGTGCAAGACACGAAG
IGHV-7YGK,IGHV,Y,Rearranged,CAST_EiJ,CAST_EiJ_IGHV1-24,,watson_et_al:CAST_EiJ_IGHV1-24,,GAGGTCCAGCTGCAGCAGTCTGGACCTGAGCTGGTGAAGCCTGGGGCTTCAGTGAAGATATCCTGCAAGGCTTCTGGCTACACCTTCACTGACTACTATATAAACTGGGTGAAGCAGAGGCCTGGACAGGGCCTTGAGTGGATTGGAGAGATTTATCCTGGAAGTGGTAATACTTACTACAATGGGAAGTTCAAGGGCAAGGCCACACTGACTGCAGACAAATCCTCCAACACAGCCTACATGCAGCTCAGCAGCCTGATATCTGAGGACTCTGCAGTCTATTTCTGTGC,GAGGTCCAGCTGCAGCAGTCTGGACCT...GAGCTGGTGAAGCCTGGGGCTTCAGTGAAGATATCCTGCAAGGCTTCTGGCTACACCTTC............ACTGACTACTATATAAACTGGGTGAAGCAGAGGCCTGGACAGGGCCTTGAGTGGATTGGAGAGATTTATCCTGGA......AGTGGTAATACTTACTACAATGGGAAGTTCAAG...GGCAAGGCCACACTGACTGCAGACAAATCCTCCAACACAGCCTACATGCAGCTCAGCAGCCTGATATCTGAGGACTCTGCAGTCTATTTCTGTGC
IGHV-7TNO,IGHV,Y,Rearranged,CAST_EiJ,CAST_EiJ_IGHV1-25,,watson_et_al:CAST_EiJ_IGHV1-25,,CAGGTCCAGCTGAAGCAGTCTGGAGCTGAGCTGGTGAAGCCTGGGGCTTCAGTGAAGATGTCCTGCAAGGCTTCTGGCTACACCTTCACTGACTACTATATAAACTGGGTGAAGCAGAGGCCTGGACAGGGCCTTGAGTGGATTGGAAAGATTGGTCCTGGAAGTGGTAGTACTTACTACAATGAGAAGTTCAAGGGCAAGGCCACACTGACTGCAGACAAATCCTCCAGCACAGCCTACATGCAGCTCAGCAGCCTGACATCTGAGGACTCTGCAGTCTATTTCTGTGCAAG,CAGGTCCAGCTGAAGCAGTCTGGAGCT...GAGCTGGTGAAGCCTGGGGCTTCAGTGAAGATGTCCTGCAAGGCTTCTGGCTACACCTTC............ACTGACTACTATATAAACTGGGTGAAGCAGAGGCCTGGACAGGGCCTTGAGTGGATTGGAAAGATTGGTCCTGGA......AGTGGTAGTACTTACTACAATGAGAAGTTCAAG...GGCAAGGCCACACTGACTGCAGACAAATCCTCCAGCACAGCCTACATGCAGCTCAGCAGCCTGACATCTGAGGACTCTGCAGTCTATTTCTGTGCAAG
IGHV-GOR4,IGHV,Y,Rearranged,CAST_EiJ,CAST_EiJ_IGHV1-26,,watson_et_al:CAST_EiJ_IGHV1-26,,CAGGTTCAGCTGCAACAGTCTGACGCTGAGTTGGTGAAACCTGGAGCTTCAGTGAAGATATCCTGCAAGGTTTCTGGCTACACCTTCACTGACCATACTATTCACTGGATGAAGCAGAGGCCTGAACAGGGCCTGGAATGGATTGGATATATTTATCCTAGAGATGGTAGTACTAAGTACAATGAGAAGTTCAAGGGCAAGGCCACATTGACTGCAGATAAATCCTCCAGCACAGCCTACATGCAGCTCAACAGCCTGACATCTGAGGACTCTGCAGTCTATTTCTGTGCAAGA,CAGGTTCAGCTGCAACAGTCTGACGCT...GAGTTGGTGAAACCTGGAGCTTCAGTGAAGATATCCTGCAAGGTTTCTGGCTACACCTTC............ACTGACCATACTATTCACTGGATGAAGCAGAGGCCTGAACAGGGCCTGGAATGGATTGGATATATTTATCCTAGA......GATGGTAGTACTAAGTACAATGAGAAGTTCAAG...GGCAAGGCCACATTGACTGCAGATAAATCCTCCAGCACAGCCTACATGCAGCTCAACAGCCTGACATCTGAGGACTCTGCAGTCTATTTCTGTGCAAGA
IGHV-KXNU,IGHV,Y,Rearranged,CAST_EiJ,CAST_EiJ_IGHV1-27,,watson_et_al:CAST_EiJ_IGHV1-27,,CAGGTTCAGCTGCAGCAGTCTGGACCTGAGCTGGTGAAGCCTGGGGCCTCAGTGAAGATTTCCTGCAAAGCTTCTGGCTACGCATTCAGTAGCTCCTGGATGAACTGGGTGAAGCAGAGGCCTGGAAAGGGTCTTGAGTGGATTGGATGGATTTATCCTGGAGATGGTGATACTAACTACAATGGAAAGTTCAAGGGCAAGGCAACACTGACTGCAGACAAATCCTCCAGCACTGCCTACATGCAGCTCAGCAGCCTGACATCTGAGGACTCTGCGGTCTATTTCTGTGC,CAGGTTCAGCTGCAGCAGTCTGGACCT...GAGCTGGTGAAGCCTGGGGCCTCAGTGAAGATTTCCTGCAAAGCTTCTGGCTACGCATTC............AGTAGCTCCTGGATGAACTGGGTGAAGCAGAGGCCTGGAAAGGGTCTTGAGTGGATTGGATGGATTTATCCTGGA......GATGGTGATACTAACTACAATGGAAAGTTCAAG...GGCAAGGCAACACTGACTGCAGACAAATCCTCCAGCACTGCCTACATGCAGCTCAGCAGCCTGACATCTGAGGACTCTGCGGTCTATTTCTGTGC
IGHV-SVRH,IGHV,Y,Rearranged,CAST_EiJ,CAST_EiJ_IGHV1-28,,watson_et_al:CAST_EiJ_IGHV1-28,,CAGGTTCAGCTGCAGCAGTCTGGACCTGAGCTGGTGAAGCCTGGGGCTTCAGTGAAGTTGTCCTGCAAGGCTTCTGGCTACACCTTCACAAGCTACGATATAAACTGGGTGAAGCAGAGGCCTGGACAGGGACTTGAGTGGATTGGATGGATTTATCCTAGCGATGGTAGTACTAAGTACAATGAGAAGTTCAAGGGCAAGGCCACACTGACTACAGACAAATCCTCCAGCACAGCCTACATGCAGCTCAGCAGGCTGACATCTGAGGACTCTGCGGTCTATTTCTGTGCAAG,CAGGTTCAGCTGCAGCAGTCTGGACCT...GAGCTGGTGAAGCCTGGGGCTTCAGTGAAGTTGTCCTGCAAGGCTTCTGGCTACACCTTC............ACAAGCTACGATATAAACTGGGTGAAGCAGAGGCCTGGACAGGGACTTGAGTGGATTGGATGGATTTATCCTAGC......GATGGTAGTACTAAGTACAATGAGAAGTTCAAG...GGCAAGGCCACACTGACTACAGACAAATCCTCCAGCACAGCCTACATGCAGCTCAGCAGGCTGACATCTGAGGACTCTGCGGTCTATTTCTGTGCAAG
IGHV-Y5MV,IGHV,Y,Rearranged,CAST_EiJ,CAST_EiJ_IGHV1-29,,watson_et_al:CAST_EiJ_IGHV1-29,,CAGGTTCAGCTGCAGCAGTCTGGAGCTGAGCTGATGAAGCCTGGGGCCTCAGTGAAGCTTTCCTGCAAGGCTACTGGCTACACATTCACTGGCTACTGGATAGAGTGGGTAAAGCAGAGGCCTGGACATGGCCTTGAGTGGATTGGAGAGATTTTACCTGGAAGTGGTAGTACTAACTACAATGAGAAGTTCAAGGGCAAGGCCACATTCACTGCAGATACATCCTCCAACACAGCCTACATGCAACTCAGCAGCCTGACAACTGAGGACTCTGCCGTCTATTACTGT,CAGGTTCAGCTGCAGCAGTCTGGAGCT...GAGCTGATGAAGCCTGGGGCCTCAGTGAAGCTTTCCTGCAAGGCTACTGGCTACACATTC............ACTGGCTACTGGATAGAGTGGGTAAAGCAGAGGCCTGGACATGGCCTTGAGTGGATTGGAGAGATTTTACCTGGA......AGTGGTAGTACTAACTACAATGAGAAGTTCAAG...GGCAAGGCCACATTCACTGCAGATACATCCTCCAACACAGCCTACATGCAACTCAGCAGCCTGACAACTGAGGACTCTGCCGTCTATTACTGT
IGHV-QELY,IGHV,Y,Rearranged,CAST_EiJ,CAST_EiJ_IGHV1-3,,watson_et_al:CAST_EiJ_IGHV1-3,,CAGGTTCAACTGCAGCAGTCTGGGGCTGAGCTGGTGAGGCCTGGGGCATCAGTGAAGCTGTCCTGCAAGGCTTCGGGCTACACATTTACTGACTATGAAATGGACTGGGTGAAGCAGACACCTGTGCATGGCCTGGAATGGATTGGAGCTATTAATCCTGAAACTGGTGGTACTGCCTACAATCAGAAGTTCAAGGGCAAGGCCACACTGACTGCAGACAAATCCTCCAGCACAGCCTATATGGAGCTCAGCAGCCTGACATCTGAGGACTCTGCTGTCTATTACTGTAC,CAGGTTCAACTGCAGCAGTCTGGGGCT...GAGCTGGTGAGGCCTGGGGCATCAGTGAAGCTGTCCTGCAAGGCTTCGGGCTACACATTT............ACTGACTATGAAATGGACTGGGTGAAGCAGACACCTGTGCATGGCCTGGAATGGATTGGAGCTATTAATCCTGAA......ACTGGTGGTACTGCCTACAATCAGAAGTTCAAG...GGCAAGGCCACACTGACTGCAGACAAATCCTCCAGCACAGCCTATATGGAGCTCAGCAGCCTGACATCTGAGGACTCTGCTGTCTATTACTGTAC
IGHV-KI3H,IGHV,Y,Rearranged,CAST_EiJ,CAST_EiJ_IGHV1-30,,watson_et_al:CAST_EiJ_IGHV1-30,,CAGGTTCAGCTGCAGCAGTCTGGAGCTGAGCTGATGAAGCCTGGGGCCTCAGTGAAGCTTTCCTGCAAGGCTACTGGCTACACATTCACTGGCTACTGGATAGAGTGGGTAAAGCAGAGGCCTGGACATGGCCTTGAGTGGATTGGAGAGATTTTACCTGGAAGTGATAGTACTAACTACAATGAGAAGTTCAAGGGCAAGGCCACATTCACTGCAGATACATCCTCCAACACAGCCTACATGCAACTCAGCAGCCTGACAACTGAGGACTCTGCCATCTATTACTGT,CAGGTTCAGCTGCAGCAGTCTGGAGCT...GAGCTGATGAAGCCTGGGGCCTCAGTGAAGCTTTCCTGCAAGGCTACTGGCTACACATTC............ACTGGCTACTGGATAGAGTGGGTAAAGCAGAGGCCTGGACATGGCCTTGAGTGGATTGGAGAGATTTTACCTGGA......AGTGATAGTACTAACTACAATGAGAAGTTCAAG...GGCAAGGCCACATTCACTGCAGATACATCCTCCAACACAGCCTACATGCAACTCAGCAGCCTGACAACTGAGGACTCTGCCATCTATTACTGT
IGHV-JL75,IGHV,Y,Rearranged,CAST_EiJ,CAST_EiJ_IGHV1-31,,watson_et_al:CAST_EiJ_IGHV1-31,,CAGGTCCAGCTGCAGCAGTCTGGAGCTGAGCTGGTGAAGCCTGGGGCTTCAGTGAAGCTGTCCTGCAAGACTTCTGGCTACACCTTCACCAGCTACTGGATTCAGTGGGTAAAACAGAGGCCTGGACAGGGCCTTGAGTGGATTGGAGAGATATTTCCTGGAACTGGCACTACTTACTACAATGAGATGTTCAAGGACAAGGCCACATTCACTGCAGACACATCCTCCAGCACAGCCTACATGCAGCTCAGCAGCCTGACCTCTGAGGACTCTGCTGTCTATTTCTGTGCA,CAGGTCCAGCTGCAGCAGTCTGGAGCT...GAGCTGGTGAAGCCTGGGGCTTCAGTGAAGCTGTCCTGCAAGACTTCTGGCTACACCTTC............ACCAGCTACTGGATTCAGTGGGTAAAACAGAGGCCTGGACAGGGCCTTGAGTGGATTGGAGAGATATTTCCTGGA......ACTGGCACTACTTACTACAATGAGATGTTCAAG...GACAAGGCCACATTCACTGCAGACACATCCTCCAGCACAGCCTACATGCAGCTCAGCAGCCTGACCTCTGAGGACTCTGCTGTCTATTTCTGTGCA
IGHV-Z54E,IGHV,Y,Rearranged,CAST_EiJ,CAST_EiJ_IGHV1-32,,watson_et_al:CAST_EiJ_IGHV1-32,,GAGGTCCAGCTTCAGCAGTCTGGAGCTGAGCTGGTGAGGGCTGGGTCCTCAGTGAAGCTGTCCTGCAAGACTTCTGGATATACATTCACAAGCTATGGTATAAACTGGGTGAAACAGAGGCCTGGACAGGGCCTGGAATGGATTGGATATATTTATCCTGGAAATGGTTATACTGAGTACAATGAGAAGTTCCAGGGCCAGGCCACACTGACTTCAGACACATCCTCCAGCACAGCCTACATGCAGCTCAGAAGCCTGACATCTGAGGACTCTGCAGTCTATTACTGTGC,GAGGTCCAGCTTCAGCAGTCTGGAGCT...GAGCTGGTGAGGGCTGGGTCCTCAGTGAAGCTGTCCTGCAAGACTTCTGGATATACATTC............ACAAGCTATGGTATAAACTGGGTGAAACAGAGGCCTGGACAGGGCCTGGAATGGATTGGATATATTTATCCTGGA......AATGGTTATACTGAGTACAATGAGAAGTTCCAG...GGCCAGGCCACACTGACTTCAGACACATCCTCCAGCACAGCCTACATGCAGCTCAGAAGCCTGACATCTGAGGACTCTGCAGTCTATTACTGTGC
IGHV-M2M2,IGHV,Y,Rearranged,CAST_EiJ,CAST_EiJ_IGHV1-33,,watson_et_al:CAST_EiJ_IGHV1-33,,GAGGTCCAGCTGCAACAGTCTGGACCTGAGTTGGTGAAGCCTGGGGCTTCAGTGAAGATGTCCTGCAAGGCTTCTGGATACACCTTCACTGACTACAACATGCACTGGGTGAAGCAGAGCCATGGAAAGAGCCTTGAGTGGATTGGATATATTAATCCTTATAATGATTATACTAGCTACAACCAGAAGTTCAAGGGCAAGGCCACTTTGACTGTAGACAAATCCTCCAGCACAGCCTACATGGAGCTCCGCAGCCTGACATCTGAGGACTCTGCAGTCTATTACTGTGC,GAGGTCCAGCTGCAACAGTCTGGACCT...GAGTTGGTGAAGCCTGGGGCTTCAGTGAAGATGTCCTGCAAGGCTTCTGGATACACCTTC............ACTGACTACAACATGCACTGGGTGAAGCAGAGCCATGGAAAGAGCCTTGAGTGGATTGGATATATTAATCCTTAT......AATGATTATACTAGCTACAACCAGAAGTTCAAG...GGCAAGGCCACTTTGACTGTAGACAAATCCTCCAGCACAGCCTACATGGAGCTCCGCAGCCTGACATCTGAGGACTCTGCAGTCTATTACTGTGC
IGHV-WVEQ,IGHV,Y,Rearranged,CAST_EiJ,CAST_EiJ_IGHV1-34,,watson_et_al:CAST_EiJ_IGHV1-34,,GAAGTCCAGCTGCAACAGTCTGGACCTGAGCTGGTGAAGCCTGGGGCTTCAGTGAAGATGTCCTGCAAGGCTTCTGGATACACATTCACTGACTATGTTATGCACTGGGTGAAGCAGATCAATGGAAAGAGCCTTGAGTGGATTGGATATATTAATCCTTATAATGATTATACTAGCTACAACCAGAAGTTCAAGGGCAAGGCCACATTGACTGTAGACAAATCCTCCAGCACAGCCTACATGCAGCTCAACAGCCTGACATCTGAGGACTCTGCAGTCTATTACTGT,GAAGTCCAGCTGCAACAGTCTGGACCT...GAGCTGGTGAAGCCTGGGGCTTCAGTGAAGATGTCCTGCAAGGCTTCTGGATACACATTC............ACTGACTATGTTATGCACTGGGTGAAGCAGATCAATGGAAAGAGCCTTGAGTGGATTGGATATATTAATCCTTAT......AATGATTATACTAGCTACAACCAGAAGTTCAAG...GGCAAGGCCACATTGACTGTAGACAAATCCTCCAGCACAGCCTACATGCAGCTCAACAGCCTGACATCTGAGGACTCTGCAGTCTATTACTGT
IGHV-BHTL,IGHV,Y,Rearranged,CAST_EiJ,CAST_EiJ_IGHV1-4,,watson_et_al:CAST_EiJ_IGHV1-4,,GAGGTCCAGCTGCAGCAGTCTGGACCTGAGCTGGTGAAACCTGGGGCTTTAGTGAAGATGTCCTGCAAGGCTTCTGGATACACATTCACTGACTACTACATAGACTGGGTGAAGCAGAGCCATGGAAAGAGCCTTGAGTGGATTGGAGAAATTAATCCTTACAATGGTGATACTTTCTACAACCAGAAGTTCAAGGGCAAGGCCACATTGACTGTAGACAAATCCTCTAGTACAGCCTACATGGAGCTCCGGAGCCTGACATCTGAGGACTCTGCAGTCTATTATTGTGCAAG,GAGGTCCAGCTGCAGCAGTCTGGACCT...GAGCTGGTGAAACCTGGGGCTTTAGTGAAGATGTCCTGCAAGGCTTCTGGATACACATTC............ACTGACTACTACATAGACTGGGTGAAGCAGAGCCATGGAAAGAGCCTTGAGTGGATTGGAGAAATTAATCCTTAC......AATGGTGATACTTTCTACAACCAGAAGTTCAAG...GGCAAGGCCACATTGACTGTAGACAAATCCTCTAGTACAGCCTACATGGAGCTCCGGAGCCTGACATCTGAGGACTCTGCAGTCTATTATTGTGCAAG
IGHV-A2QL,IGHV,Y,Rearranged,CAST_EiJ,CAST_EiJ_IGHV1-5,,watson_et_al:CAST_EiJ_IGHV1-5,,GAGGTCCAGCTGCAACAGTCTGGAGCTGAGCTTGTGAAGCCTGGGGCTTCAGTGAAGATATCCTGCAAGGCTTCTGGCTACACATTCACTGACTACAACATGGACTGGGTGAAGCAGAGCCATGGAAAGAGCCTTGAGTGGATTGGAGATATTAATCCTAACTATGATAGTACTATCTACAACCAGAAGTTCAAGGGCAAGGCCACATTGACTGTAGACAAGTCCTCCAGCACAGCCTACATGGACCTCCGCAGCCTGACATCTGAGGACTCTGCAGTCTATTACTGTGCAAG,GAGGTCCAGCTGCAACAGTCTGGAGCT...GAGCTTGTGAAGCCTGGGGCTTCAGTGAAGATATCCTGCAAGGCTTCTGGCTACACATTC............ACTGACTACAACATGGACTGGGTGAAGCAGAGCCATGGAAAGAGCCTTGAGTGGATTGGAGATATTAATCCTAAC......TATGATAGTACTATCTACAACCAGAAGTTCAAG...GGCAAGGCCACATTGACTGTAGACAAGTCCTCCAGCACAGCCTACATGGACCTCCGCAGCCTGACATCTGAGGACTCTGCAGTCTATTACTGTGCAAG
IGHV-WQ2B,IGHV,Y,Rearranged,CAST_EiJ,CAST_EiJ_IGHV1-6,,watson_et_al:CAST_EiJ_IGHV1-6,,GAGGTCCAGCTGCAACAGTCTGGACCTGAGCTGGTGAAGCCTGGGGCTTCAGTGAAGATATCCTGCAAGGCTTCTGGATACACATTCACTGACTACAACATGCACTGGGTGAAGCAGAGCCGTGGAAAGAGCCTTGAGTGGATTGGAGGTATTAATCCTAACAATGGTGGTACTGGCTACAACCAGAAGTTCAAGGGCAAGGCCACATTAACTGTAGACAAGTCCTCCAGCACAGCCTACATGGAGCTCCGCAGCCTGACATCTGAGGATTCTGCAGTCTATTACTGTGCAAG,GAGGTCCAGCTGCAACAGTCTGGACCT...GAGCTGGTGAAGCCTGGGGCTTCAGTGAAGATATCCTGCAAGGCTTCTGGATACACATTC............ACTGACTACAACATGCACTGGGTGAAGCAGAGCCGTGGAAAGAGCCTTGAGTGGATTGGAGGTATTAATCCTAAC......AATGGTGGTACTGGCTACAACCAGAAGTTCAAG...GGCAAGGCCACATTAACTGTAGACAAGTCCTCCAGCACAGCCTACATGGAGCTCCGCAGCCTGACATCTGAGGATTCTGCAGTCTATTACTGTGCAAG
IGHV-B5AR,IGHV,Y,Rearranged,CAST_EiJ,CAST_EiJ_IGHV1-7,,watson_et_al:CAST_EiJ_IGHV1-7,,GAGGTCCAGCTGCAACAATCTGGACCTGAGCTGGTGAAGCCTGGGGCTTCAGTGAAGATGTCCTGTAAGGCTTCTGGATACACATTCACTGACTACTACATGAACTGGGTGAAGCAGAGCCATGGAAAGAGCCTTGAGTGGATTGGAGATATTAATCCTTACAACGGTGGTACTAGCTACAACCAGAAGTTCAAGGGCAAGGCCACATTGACTGTAGACAAATCCTCCAGCACAGCCTACATGCAGCTCAACAGCCTGACATCTGAGGACTCTGCAGTCTATTACTGTGC,GAGGTCCAGCTGCAACAATCTGGACCT...GAGCTGGTGAAGCCTGGGGCTTCAGTGAAGATGTCCTGTAAGGCTTCTGGATACACATTC............ACTGACTACTACATGAACTGGGTGAAGCAGAGCCATGGAAAGAGCCTTGAGTGGATTGGAGATATTAATCCTTAC......AACGGTGGTACTAGCTACAACCAGAAGTTCAAG...GGCAAGGCCACATTGACTGTAGACAAATCCTCCAGCACAGCCTACATGCAGCTCAACAGCCTGACATCTGAGGACTCTGCAGTCTATTACTGTGC
IGHV-L7TC,IGHV,Y,Rearranged,CAST_EiJ,CAST_EiJ_IGHV1-8,,watson_et_al:CAST_EiJ_IGHV1-8,,GAGGTTCAGCTGCAGCAGTCTGGACCTGAGCTGGTGAAGCCTGGGGCTTCAGTCAAGATATCCTGCAAGGCTTCTGGTTACTCATTTACTGGCTACTTTATGAACTGGGTGAAGCAGAGCCATGGAAAGAGCCTTGAGTGGATTGGACGTATTAATCCTTACAATGGTGATACTTTCTACAACCAGAAGTTCAAGGGCAAGGCCACATTGACTGTAGACAAATCCTCTAGCACAGCCCACATGGAGCTCCGGAGCCTGACATCTGAGGACTCTGCAGTCTATTATTGTGCAAGA,GAGGTTCAGCTGCAGCAGTCTGGACCT...GAGCTGGTGAAGCCTGGGGCTTCAGTCAAGATATCCTGCAAGGCTTCTGGTTACTCATTT............ACTGGCTACTTTATGAACTGGGTGAAGCAGAGCCATGGAAAGAGCCTTGAGTGGATTGGACGTATTAATCCTTAC......AATGGTGATACTTTCTACAACCAGAAGTTCAAG...GGCAAGGCCACATTGACTGTAGACAAATCCTCTAGCACAGCCCACATGGAGCTCCGGAGCCTGACATCTGAGGACTCTGCAGTCTATTATTGTGCAAGA
IGHV-EFJY,IGHV,Y,Rearranged,CAST_EiJ,CAST_EiJ_IGHV1-9,,watson_et_al:CAST_EiJ_IGHV1-9,,GAGGTCCAGCTGCAACAGTCTGGACCTGAGCTGGTGAAGCCTGGGGCTTCAGTGAAGATGTCCTGTAAGGCTTCTGGATACACATTCACTGACTACTACATGCACTGGGTGAAGCAGAGCCATGGAAAGAGCCTTGAGTGGATTGGAGATATTAATCCTAACACTGGTGGTACTAGCTACAACCAGAAGTTCAAGGGCAAGGCCACATTGACAGTAGACAAATCCCTCAGCACAGCCTACATGGAGCTCAACAGCCTGACATCTGAGGACTCTGCGGTCTATTACTGTG,GAGGTCCAGCTGCAACAGTCTGGACCT...GAGCTGGTGAAGCCTGGGGCTTCAGTGAAGATGTCCTGTAAGGCTTCTGGATACACATTC............ACTGACTACTACATGCACTGGGTGAAGCAGAGCCATGGAAAGAGCCTTGAGTGGATTGGAGATATTAATCCTAAC......ACTGGTGGTACTAGCTACAACCAGAAGTTCAAG...GGCAAGGCCACATTGACAGTAGACAAATCCCTCAGCACAGCCTACATGGAGCTCAACAGCCTGACATCTGAGGACTCTGCGGTCTATTACTGTG
IGHV-N7SW,IGHV,Y,Rearranged,CAST_EiJ,CAST_EiJ_IGHV10-1,IGHV10S3*01|Mus_musculus_BALB/c,watson_et_al:CAST_EiJ_IGHV10-1,,GAGGTGCAGCTTGTTGAGACTGGTGGAGGATTGGTGCAGCCTAAAGGGTCATTGAAACTCTCATGTGCAGCCTCTGGATTCACCTTCAATACCAATGCCATGAACTGGGTCCGCCAGGCTCCAGGAAAGGGTTTGGAATGGGTTGCTCGCATAAGAAGTAAAAGTAATAATTATGCAACATATTATGCCGATTCAGTGAAAGACAGGTTCACCATCTCCAGAGATGATTCACAAAGCATGCTCTATCTGCAAATGAACAACTTGAAAACTGAGGACACAGCCATGTATTACTGTG,GAGGTGCAGCTTGTTGAGACTGGTGGA...GGATTGGTGCAGCCTAAAGGGTCATTGAAACTCTCATGTGCAGCCTCTGGATTCACCTTC............AATACCAATGCCATGAACTGGGTCCGCCAGGCTCCAGGAAAGGGTTTGGAATGGGTTGCTCGCATAAGAAGTAAAAGTAATAATTATGCAACATATTATGCCGATTCAGTGAAA...GACAGGTTCACCATCTCCAGAGATGATTCACAAAGCATGCTCTATCTGCAAATGAACAACTTGAAAACTGAGGACACAGCCATGTATTACTGTG
IGHV-A4JN,IGHV,Y,Rearranged,CAST_EiJ,CAST_EiJ_IGHV11-1,,watson_et_al:CAST_EiJ_IGHV11-1,,GAAGTGCAGCTGTTGGAGACTGGAGGAGGCTTGGTGCCACCTGGGGGGTCACGGGGACTCTCTTGTGAAGGCTCAGGGTTCACTTTTAGTGGCTTCTGGATGAGCTGGGTTCGACAGACACCTGGGAAGACCCTGGAGTGGATTGGAGACATTAATTCTGATGGCAGTGCAATAAACTACGCACCATCCATAAAGGATCGCTTCACTATCTTCAGAGACAATGACAAGAGCACCCTGTACCTGCAGATGAGCAATGTGCGATCTGAGGACACAGCCACGTATTTCTGTATGAGA,GAAGTGCAGCTGTTGGAGACTGGAGGA...GGCTTGGTGCCACCTGGGGGGTCACGGGGACTCTCTTGTGAAGGCTCAGGGTTCACTTTT............AGTGGCTTCTGGATGAGCTGGGTTCGACAGACACCTGGGAAGACCCTGGAGTGGATTGGAGACATTAATTCTGAT......GGCAGTGCAATAAACTACGCACCATCCATAAAG...GATCGCTTCACTATCTTCAGAGACAATGACAAGAGCACCCTGTACCTGCAGATGAGCAATGTGCGATCTGAGGACACAGCCACGTATTTCTGTATGAGA
IGHV-R5FY,IGHV,Y,Rearranged,CAST_EiJ,CAST_EiJ_IGHV11-2,,watson_et_al:CAST_EiJ_IGHV11-2,,GAAGTGCAGCTGTTGGAGACTGGAGGAGGCTTGGTGCAACCTGGGGGGTCACGGGGACTCTCTTGTGAAGGCTCAGGGTTCACTTTTAGTGGCTTCTGGATGAGCTGGGTTCGACAGACACCTGGGAAGAACCTGGAGTGGATTGGAGACATTAATTCTGATGGCAGTGCAATAAACTACGCACCATCCATAAAGGATCGATTCACTATCTTCAGAGACAATGACAAGAGCACCCTGTACCTGCAGATGAGCAATGTGCGATCGGAGGACACAGCCACGTATTTCTGTAT,GAAGTGCAGCTGTTGGAGACTGGAGGA...GGCTTGGTGCAACCTGGGGGGTCACGGGGACTCTCTTGTGAAGGCTCAGGGTTCACTTTT............AGTGGCTTCTGGATGAGCTGGGTTCGACAGACACCTGGGAAGAACCTGGAGTGGATTGGAGACATTAATTCTGAT......GGCAGTGCAATAAACTACGCACCATCCATAAAG...GATCGATTCACTATCTTCAGAGACAATGACAAGAGCACCCTGTACCTGCAGATGAGCAATGTGCGATCGGAGGACACAGCCACGTATTTCTGTAT
IGHV-D7P6,IGHV,Y,Rearranged,CAST_EiJ,CAST_EiJ_IGHV11-3,,watson_et_al:CAST_EiJ_IGHV11-3,,GAAGTGCAGCTGTTGGAGACTGGAGGAGGCTTGGTGCAACCTGGGGGATCACGGGGACTCTCTTGTGAAGGCTCAGGGTTCACTTTTAGTGGCTTCTGGATGAGCTGGGTTCGACAGACACCTGGGAAGACCCTGGAGTGGATTGGAGACATTAATTCTGATGGCAGTGCAATAAACTACGCACCATCCATAAAGGATCGATTCACTATCTTCAGAGACAATGACAAGAGCACCCTGTACCTGCAGATGAGCAATGTGCGATCTGAGGACACAGCCACATATTTCTGTATGAGA,GAAGTGCAGCTGTTGGAGACTGGAGGA...GGCTTGGTGCAACCTGGGGGATCACGGGGACTCTCTTGTGAAGGCTCAGGGTTCACTTTT............AGTGGCTTCTGGATGAGCTGGGTTCGACAGACACCTGGGAAGACCCTGGAGTGGATTGGAGACATTAATTCTGAT......GGCAGTGCAATAAACTACGCACCATCCATAAAG...GATCGATTCACTATCTTCAGAGACAATGACAAGAGCACCCTGTACCTGCAGATGAGCAATGTGCGATCTGAGGACACAGCCACATATTTCTGTATGAGA
IGHV-EPJ3,IGHV,Y,Rearranged,CAST_EiJ,CAST_EiJ_IGHV11-4,,watson_et_al:CAST_EiJ_IGHV11-4,,GAAGTGCAGCTGTTGGAGACTGGAGGAGGCTTGGTGCAACCTGGGGGGTCACGGGGACTCTCTTGTGAAGGCTCAGGGTTCACTTTTAGTGGCTTCTGGATGAGCTGGGTTCGACAGACACCTGGGAAGACCCTGGAGTGGATTGGAGACATTAATTCTGATGGCAGTGCAATAAACTACGCACCATCCATAAAGGATCGATTCACTATCTTCAGAGACAATGACAAAAGCACCCTGTACCTGCAGATGAGCAATGTGCGATCTGAGGACACAGCCACGTATTTCTGT,GAAGTGCAGCTGTTGGAGACTGGAGGA...GGCTTGGTGCAACCTGGGGGGTCACGGGGACTCTCTTGTGAAGGCTCAGGGTTCACTTTT............AGTGGCTTCTGGATGAGCTGGGTTCGACAGACACCTGGGAAGACCCTGGAGTGGATTGGAGACATTAATTCTGAT......GGCAGTGCAATAAACTACGCACCATCCATAAAG...GATCGATTCACTATCTTCAGAGACAATGACAAAAGCACCCTGTACCTGCAGATGAGCAATGTGCGATCTGAGGACACAGCCACGTATTTCTGT
IGHV-R5V2,IGHV,Y,Rearranged,CAST_EiJ,CAST_EiJ_IGHV14-1,,watson_et_al:CAST_EiJ_IGHV14-1,,GAGGTTCAGCTGCAGCAGTCTGGGACAGAGCTTGTGAGGCCAGGGGCCTCAGTCAAGTTGTCCTGCACAGCTTCTGGCTTCAACATTAAAGACAGCATTATGCACTGGGTGAAGCAGAGGCCTGAACAGGGCCTGGAGTGGATTGGATGGATTGATCCTGAGGATGGCGATACTGAATATGCCCCGAAGTTCCAGGACAAGGCCACTATAACAGCAGACACATCCTCCAACACAGCCTACCTGCAGCTGAGCAGCCTGACATCTGAGGACACTGCCGTCTATTACTGT,GAGGTTCAGCTGCAGCAGTCTGGGACA...GAGCTTGTGAGGCCAGGGGCCTCAGTCAAGTTGTCCTGCACAGCTTCTGGCTTCAACATT............AAAGACAGCATTATGCACTGGGTGAAGCAGAGGCCTGAACAGGGCCTGGAGTGGATTGGATGGATTGATCCTGAG......GATGGCGATACTGAATATGCCCCGAAGTTCCAG...GACAAGGCCACTATAACAGCAGACACATCCTCCAACACAGCCTACCTGCAGCTGAGCAGCCTGACATCTGAGGACACTGCCGTCTATTACTGT
IGHV-ABAI,IGHV,Y,Rearranged,CAST_EiJ,CAST_EiJ_IGHV14-2,,watson_et_al:CAST_EiJ_IGHV14-2,,GAGGTTCAGCTGCAGCAGTCTGGGGCAGAGCTTGTGAGGCCAGGGGCCTCAGTCAAGTTGTCCTGCACAGCTTCTGGCTTCAACATTAAAGACAGCATTATGCACTGGGTGAAGCAGAGGCCTGAACAGGGCCTGGAGTGGATTGGATGGATTGATCCTGAGGATGGCGATACTGAATATGCCCCGAAGTTCCAGGACAAGGCCACTATAACAGCAGACACATCCTCCAACACAGCCTACCTGCAGCTGAGCAGCCTGACATCTGAGGACACTGCCGTCTATTACTGT,GAGGTTCAGCTGCAGCAGTCTGGGGCA...GAGCTTGTGAGGCCAGGGGCCTCAGTCAAGTTGTCCTGCACAGCTTCTGGCTTCAACATT............AAAGACAGCATTATGCACTGGGTGAAGCAGAGGCCTGAACAGGGCCTGGAGTGGATTGGATGGATTGATCCTGAG......GATGGCGATACTGAATATGCCCCGAAGTTCCAG...GACAAGGCCACTATAACAGCAGACACATCCTCCAACACAGCCTACCTGCAGCTGAGCAGCCTGACATCTGAGGACACTGCCGTCTATTACTGT
IGHV-YUW4,IGHV,Y,Rearranged,CAST_EiJ,CAST_EiJ_IGHV14-3,,watson_et_al:CAST_EiJ_IGHV14-3,,GAGGTTCAGCTGCAGCAGTCTGGGGCAGAGCTTGTGAAGCCAGGGGCCTCAGTCAAGTTGTCCTGCACAGCTTCTGGCTTCAACATTAAAGACAGCTTTATGCACTGGGTGAAGCAGAGGCCTGAACAGGGCCTGGAGTGGATTGGAAGGATTGATCCTGAGGATGGTGAAACTAAATATGCCCCGAAGTTCCAGGGCAAGGCCACTATAACAGCAGACACATCCTCCAACACAGCCTACCTGCAGCTTAGCAGCCTGACATCTGAGGACACTGCTGTCTATTACTGTG,GAGGTTCAGCTGCAGCAGTCTGGGGCA...GAGCTTGTGAAGCCAGGGGCCTCAGTCAAGTTGTCCTGCACAGCTTCTGGCTTCAACATT............AAAGACAGCTTTATGCACTGGGTGAAGCAGAGGCCTGAACAGGGCCTGGAGTGGATTGGAAGGATTGATCCTGAG......GATGGTGAAACTAAATATGCCCCGAAGTTCCAG...GGCAAGGCCACTATAACAGCAGACACATCCTCCAACACAGCCTACCTGCAGCTTAGCAGCCTGACATCTGAGGACACTGCTGTCTATTACTGTG
IGHV-BGWX,IGHV,Y,Rearranged,CAST_EiJ,CAST_EiJ_IGHV14-4,,watson_et_al:CAST_EiJ_IGHV14-4,,GAGGTTCAGCTGCAGCAGTCTGGGGCAGAGCTTGTGAAGCCAGGGGCCTCAGTCAAGTTGTCCTGCACAGCTTCTGGCTTCAACATTAAAGACAGCTTTATGCACTGGGTGAAGCAGAGGCCTGAACAGGGCCTGGAGTGGATTGGAAGGATTGATCCTGAGGATGGTGAAACTAAATATGCCCCGAAGTTCCAGGGCAAGGCCACTATAACAGCAGACACATCCTCCAACACAGCCTACCTGCAGCTCAGCAGCCTGACATCTGAGGACACTGCCGTCTATTACTGTG,GAGGTTCAGCTGCAGCAGTCTGGGGCA...GAGCTTGTGAAGCCAGGGGCCTCAGTCAAGTTGTCCTGCACAGCTTCTGGCTTCAACATT............AAAGACAGCTTTATGCACTGGGTGAAGCAGAGGCCTGAACAGGGCCTGGAGTGGATTGGAAGGATTGATCCTGAG......GATGGTGAAACTAAATATGCCCCGAAGTTCCAG...GGCAAGGCCACTATAACAGCAGACACATCCTCCAACACAGCCTACCTGCAGCTCAGCAGCCTGACATCTGAGGACACTGCCGTCTATTACTGTG
IGHV-GVF5,IGHV,Y,Rearranged,CAST_EiJ,CAST_EiJ_IGHV14-5,,watson_et_al:CAST_EiJ_IGHV14-5,,GAGGTTCAGCTGCAGCAGTCTGGGGCAGAGCTTGTGAAGCCAGGGGCCTCAGTCAAGTTGTCCTGCACAGCTTCTGGCTTCAACATTAAAGACACCTATATGCACTGGGTGAAGCAGAGGACTGAACAGGGCCTGGAGTGGATTGGAAGGATTGATCCTGAGGATGGTGAAACTAAATATGCCCCGAAGTTCCAGGGCAAGGCCACTATAACAGCAGACACATCCTCCAACACAGCCTACCTGCAGCTCAGCAGCCTGACATCTGAGGACACTGCCATCTATTACTGT,GAGGTTCAGCTGCAGCAGTCTGGGGCA...GAGCTTGTGAAGCCAGGGGCCTCAGTCAAGTTGTCCTGCACAGCTTCTGGCTTCAACATT............AAAGACACCTATATGCACTGGGTGAAGCAGAGGACTGAACAGGGCCTGGAGTGGATTGGAAGGATTGATCCTGAG......GATGGTGAAACTAAATATGCCCCGAAGTTCCAG...GGCAAGGCCACTATAACAGCAGACACATCCTCCAACACAGCCTACCTGCAGCTCAGCAGCCTGACATCTGAGGACACTGCCATCTATTACTGT
IGHV-RM7V,IGHV,Y,Rearranged,CAST_EiJ,CAST_EiJ_IGHV14-6,,watson_et_al:CAST_EiJ_IGHV14-6,,GAGGTTCAGCTGCAGCAGTCTGGGGCAGAGCTTGTGAAGCCAGGGGCCTCAGTCAAGTTGTCCTGCACAGCTTCTGGCTTCAACATTAAAGACTACTATATGCACTGGGTGAAGCAGAGGACTGAACAGGGCCTGGAGTGGATTGGAAGGATTGATCCTGAGGATGGTGAAACTAAATATGCCCCGAAGTTCCAGGGCAAGGCCACTATAACAGCAGACACATCCTCCAACACAGCCTACCTGCAGCTCAGCAGCCTGACATCTGAGGACACTGCCGTCTATTACTGTG,GAGGTTCAGCTGCAGCAGTCTGGGGCA...GAGCTTGTGAAGCCAGGGGCCTCAGTCAAGTTGTCCTGCACAGCTTCTGGCTTCAACATT............AAAGACTACTATATGCACTGGGTGAAGCAGAGGACTGAACAGGGCCTGGAGTGGATTGGAAGGATTGATCCTGAG......GATGGTGAAACTAAATATGCCCCGAAGTTCCAG...GGCAAGGCCACTATAACAGCAGACACATCCTCCAACACAGCCTACCTGCAGCTCAGCAGCCTGACATCTGAGGACACTGCCGTCTATTACTGTG
IGHV-5VGK,IGHV,Y,Rearranged,CAST_EiJ,CAST_EiJ_IGHV14-7,,watson_et_al:CAST_EiJ_IGHV14-7,,GAGGTTCAGCTGCAGCAGTCTGGGGCAGAGCTTGTGAAACCAGGGGCTTCAGTCAAGTTGTCCTGCACAGCTTCTGGCTTCAACATTAAAAGCAGCTATATACACTGGGTGAAGCAGAGGACTGAACAGGGCCTGGAGTGGATTGGAAGGATTGATCCTGCGAATGGTAATACTAAATATGCCCCGAAGTTCCAGGGCAAGGCCACTATAACTGCAGACACATCCTCCAACACAGCCTACCTGCAGCTCAGCAGCTTGACATCTGAGGACACTGCCATCTATTACTGT,GAGGTTCAGCTGCAGCAGTCTGGGGCA...GAGCTTGTGAAACCAGGGGCTTCAGTCAAGTTGTCCTGCACAGCTTCTGGCTTCAACATT............AAAAGCAGCTATATACACTGGGTGAAGCAGAGGACTGAACAGGGCCTGGAGTGGATTGGAAGGATTGATCCTGCG......AATGGTAATACTAAATATGCCCCGAAGTTCCAG...GGCAAGGCCACTATAACTGCAGACACATCCTCCAACACAGCCTACCTGCAGCTCAGCAGCTTGACATCTGAGGACACTGCCATCTATTACTGT
IGHV-COUF,IGHV,Y,Rearranged,CAST_EiJ,CAST_EiJ_IGHV14-8,,watson_et_al:CAST_EiJ_IGHV14-8,,GAGGTTCAGCTGCAGCAGTCTGGGGCAGAGCTTGTGAGGCCAGGGGCCTCAGTCAAGTTGTCCTGCACAGCTTCTGGCTTCAACATTAAAAACACCTATATGCACTGGGTGAAGCAGAGGCCTGAACAGGGCCTGGAGTGGATTGGAAGGATTGATCCTGCGAATGGTAATACTAAATATGCCCCGAAGTTCCAGGGCAAGGCCACTATAACTGCAGACACATCCTCCAACACAGCCTACCTGCAGCTCAGCAGCCTGACATCTGAGGACACTGCCATCTATTACTGTG,GAGGTTCAGCTGCAGCAGTCTGGGGCA...GAGCTTGTGAGGCCAGGGGCCTCAGTCAAGTTGTCCTGCACAGCTTCTGGCTTCAACATT............AAAAACACCTATATGCACTGGGTGAAGCAGAGGCCTGAACAGGGCCTGGAGTGGATTGGAAGGATTGATCCTGCG......AATGGTAATACTAAATATGCCCCGAAGTTCCAG...GGCAAGGCCACTATAACTGCAGACACATCCTCCAACACAGCCTACCTGCAGCTCAGCAGCCTGACATCTGAGGACACTGCCATCTATTACTGTG
IGHV-MJS4,IGHV,Y,Rearranged,CAST_EiJ,CAST_EiJ_IGHV15-1,,watson_et_al:CAST_EiJ_IGHV15-1,,CAGGTTCACCTACAACAGTCTGGTTCTGAACTGAGGAGTCCTGGGTCTTCAGTAAAGCTGTCATGCAAGGATTTTGATTCAGAAGTCTTCCCTATTGCTTATATGAGTTGGGTAAGGCAGAAGCCTGGGCATGGATTTGAATGGATTGGAGACATACTCCCAAGTATTGGTAGAACAATCTATGGAGAGAAGTTTGAGGACAAAGCCACACTGGATGCAGACACAGCGTCCAACACAGCCTACTTGGAGCTCAACAGTCTGACATCTGAGGACTCTGCTATCTACTACTGTGCAAG,CAGGTTCACCTACAACAGTCTGGTTCT...GAACTGAGGAGTCCTGGGTCTTCAGTAAAGCTGTCATGCAAGGATTTTGATTCAGAAGTCTTC.........CCTATTGCTTATATGAGTTGGGTAAGGCAGAAGCCTGGGCATGGATTTGAATGGATTGGAGACATACTCCCAAGT......ATTGGTAGAACAATCTATGGAGAGAAGTTTGAG...GACAAAGCCACACTGGATGCAGACACAGCGTCCAACACAGCCTACTTGGAGCTCAACAGTCTGACATCTGAGGACTCTGCTATCTACTACTGTGCAAG
IGHV-MJHC,IGHV,Y,Rearranged,CAST_EiJ,CAST_EiJ_IGHV2-1,IGHV2-2*01|Mus_musculus_C57BL/6,watson_et_al:CAST_EiJ_IGHV2-1,,CAGGTGCAGCTGAAGCAGTCAGGACCTGGCCTAGTGCAGCCCTCACAGAGCCTGTCCATCACCTGCACAGTCTCTGGTTTCTCATTAACTAGCTATGGTGTACACTGGGTTCGCCAGTCTCCAGGAAAGGGTCTGGAGTGGCTGGGAGTGATATGGAGTGGTGGAAGCACAGACTATAATGCAGCTTTCATATCCAGACTGAGCATCAGCAAGGACAATTCCAAGAGCCAAGTTTTCTTTAAAATGAACAGTCTGCAAGCTGATGACACAGCCATATATTACTGTGCCA,CAGGTGCAGCTGAAGCAGTCAGGACCT...GGCCTAGTGCAGCCCTCACAGAGCCTGTCCATCACCTGCACAGTCTCTGGTTTCTCATTA............ACTAGCTATGGTGTACACTGGGTTCGCCAGTCTCCAGGAAAGGGTCTGGAGTGGCTGGGAGTGATATGGAGTGGT.........GGAAGCACAGACTATAATGCAGCTTTCATA...TCCAGACTGAGCATCAGCAAGGACAATTCCAAGAGCCAAGTTTTCTTTAAAATGAACAGTCTGCAAGCTGATGACACAGCCATATATTACTGTGCCA
IGHV-UULO,IGHV,Y,Rearranged,CAST_EiJ,CAST_EiJ_IGHV2-2,,watson_et_al:CAST_EiJ_IGHV2-2,,CAGGTGCAGCTGAAGGAGTCAGGACCTGGCCTAGTGCAGCCCTCACAGAGCCTGTCCATCACATGCACTGTCTCTGGGTTCTCATTAACCAGCTATGATATAAGCTGGGTTCGCCAGCCACCGGGAAAGGGTCTGGAGTGGATGGGAGTAATATGGGCTGATGGAAGCACAAATTATAATTCAGCTCTCATGTCCAGACTGAGCATCAGCAAGGACAACTCCAAGAGCCAAGTTTTCTTAAAAATGAACAGTCTGCAAACTGATGACACAGCCAGGTACTACTGTGCCAG,CAGGTGCAGCTGAAGGAGTCAGGACCT...GGCCTAGTGCAGCCCTCACAGAGCCTGTCCATCACATGCACTGTCTCTGGGTTCTCATTA............ACCAGCTATGATATAAGCTGGGTTCGCCAGCCACCGGGAAAGGGTCTGGAGTGGATGGGAGTAATATGGGCTGAT.........GGAAGCACAAATTATAATTCAGCTCTCATG...TCCAGACTGAGCATCAGCAAGGACAACTCCAAGAGCCAAGTTTTCTTAAAAATGAACAGTCTGCAAACTGATGACACAGCCAGGTACTACTGTGCCAG
IGHV-HRAJ,IGHV,Y,Rearranged,CAST_EiJ,CAST_EiJ_IGHV2-3,,watson_et_al:CAST_EiJ_IGHV2-3,,CAGGTGCAGCTGAAGGAGTCAGGACCTGGCCTGGTGGCGCCCTCACAGAGCCTGTCCATCACTTGCACTGTCTCTGGGTTTTCATTAACCAGCTATGGTGTACACTGGGTTCGCCAGCCTCCAGGAAAGGGTCTGGAGTGGCTGGGAGTAATATGGGGTGGTGGAAGCACAAATTATAATTCAGCTCTCATGTCCAGACTGAGCATCAGCAAGGACAACTCCAAGAGCCAAGTTTTCTTAAAAATGAACAGTCTGCAAACTGATGACACAGCCATGTACTACTGT,CAGGTGCAGCTGAAGGAGTCAGGACCT...GGCCTGGTGGCGCCCTCACAGAGCCTGTCCATCACTTGCACTGTCTCTGGGTTTTCATTA............ACCAGCTATGGTGTACACTGGGTTCGCCAGCCTCCAGGAAAGGGTCTGGAGTGGCTGGGAGTAATATGGGGTGGT.........GGAAGCACAAATTATAATTCAGCTCTCATG...TCCAGACTGAGCATCAGCAAGGACAACTCCAAGAGCCAAGTTTTCTTAAAAATGAACAGTCTGCAAACTGATGACACAGCCATGTACTACTGT
IGHV-R76P,IGHV,Y,Rearranged,CAST_EiJ,CAST_EiJ_IGHV3-1,,watson_et_al:CAST_EiJ_IGHV3-1,,GATGTGCAGCTTCAGGAGTCAGGACCTGGCCTGGTGAAACCTTCTCAGTCACTTTCCCTCACCTGCACTGTCACTGGCTACTCCATCACCAGTGGTTATAGCTGGAACTGGATCCGGCAGTTTCCAGGAAACAAACTGGAGTGGATGGGCTACATAAGCTACAGTGGTAGCAATTACTACAACCCATCTCTCAAAAGTCGAATCTCTATCACTCGAGACACATCCAAGAACCAGTTCTCCCTGGAATTGAATTCTGTGACTACTGAGGACACAGCCACATATTACTGTGCAA,GATGTGCAGCTTCAGGAGTCAGGACCT...GGCCTGGTGAAACCTTCTCAGTCACTTTCCCTCACCTGCACTGTCACTGGCTACTCCATCACC.........AGTGGTTATAGCTGGAACTGGATCCGGCAGTTTCCAGGAAACAAACTGGAGTGGATGGGCTACATAAGCTACAGT.........GGTAGCAATTACTACAACCCATCTCTCAAA...AGTCGAATCTCTATCACTCGAGACACATCCAAGAACCAGTTCTCCCTGGAATTGAATTCTGTGACTACTGAGGACACAGCCACATATTACTGTGCAA
IGHV-MGVJ,IGHV,Y,Rearranged,CAST_EiJ,CAST_EiJ_IGHV3-2,,watson_et_al:CAST_EiJ_IGHV3-2,,GATGTGCAGCTTCAGGAGTCAGGACCTGGCCTGGTGAAACCTTCTCAGTTACTTTCACTCACCTGCACTGTCACTGGCTACTCCATCACCAGTGGTTATGACTGGCACTGGATCCGGCAGTTTCCAGGAAACAAACTGGAGTGGATGGGCTACATAAGCTACAGTGGTAGCAATTACTACAACCCATCTCTCAAAAGTCGAATCTCTATCACTCGAGACACATCCAAGAACCAGTTCTTCCTGCAGTTGAATTCTGTGATTACTGAGGACACAGCCACATATTACTGTGC,GATGTGCAGCTTCAGGAGTCAGGACCT...GGCCTGGTGAAACCTTCTCAGTTACTTTCACTCACCTGCACTGTCACTGGCTACTCCATCACC.........AGTGGTTATGACTGGCACTGGATCCGGCAGTTTCCAGGAAACAAACTGGAGTGGATGGGCTACATAAGCTACAGT.........GGTAGCAATTACTACAACCCATCTCTCAAA...AGTCGAATCTCTATCACTCGAGACACATCCAAGAACCAGTTCTTCCTGCAGTTGAATTCTGTGATTACTGAGGACACAGCCACATATTACTGTGC
IGHV-BVYW,IGHV,Y,Rearranged,CAST_EiJ,CAST_EiJ_IGHV3-3,,watson_et_al:CAST_EiJ_IGHV3-3,,GATGTGCAGCTTCAGGAGTCAGGACCTGGCCTGGTGAAACCTTCTCAGTTACTTTCACTCACCTGCACTGTCACTGGCTACTCCATCACCAGTGGTTATAGCTGGAACTGGATCCGGCAGTTTCCAGGAAACAAACTGGAGTGGATGGGCTACATAAGCTACAGTGGTAGCAATAACTACAACCCATCTCTCAAAAGTCGAATCTCTATCACTCGAGACACATCCAAGAACCAGTTCTTCCTGCAGTTGAATTCTGTGATTACTGAGGACACAGCCACATATTACTGTGC,GATGTGCAGCTTCAGGAGTCAGGACCT...GGCCTGGTGAAACCTTCTCAGTTACTTTCACTCACCTGCACTGTCACTGGCTACTCCATCACC.........AGTGGTTATAGCTGGAACTGGATCCGGCAGTTTCCAGGAAACAAACTGGAGTGGATGGGCTACATAAGCTACAGT.........GGTAGCAATAACTACAACCCATCTCTCAAA...AGTCGAATCTCTATCACTCGAGACACATCCAAGAACCAGTTCTTCCTGCAGTTGAATTCTGTGATTACTGAGGACACAGCCACATATTACTGTGC
IGHV-IAHS,IGHV,Y,Rearranged,CAST_EiJ,CAST_EiJ_IGHV3-4,,watson_et_al:CAST_EiJ_IGHV3-4,,GATGTGCAGCTTCAGGAGTCAGGACCTGGCCTGGTGAAACCTTTTCAGTCACTTTCCCTCACCTGCACTGTCACTGGCTACTCCATCACCAGTGGTTACTGGAACTGGATCCGGAAGTTTCCAGGAAACAAACTGGAGTGGATGGGCTACATAAGCTACAGTGGTAGCAATTACTACAACCCATCTCTCAAAAGTCGAATCTCTATCACTCGAGACACATCCAAGAACCAGTTCTTCCTGCAGTTGAATTCTATGACTACTGAGGACACAGCCACATATTACTGTGC,GATGTGCAGCTTCAGGAGTCAGGACCT...GGCCTGGTGAAACCTTTTCAGTCACTTTCCCTCACCTGCACTGTCACTGGCTACTCCATC............ACCAGTGGTTACTGGAACTGGATCCGGAAGTTTCCAGGAAACAAACTGGAGTGGATGGGCTACATAAGCTACAGT.........GGTAGCAATTACTACAACCCATCTCTCAAA...AGTCGAATCTCTATCACTCGAGACACATCCAAGAACCAGTTCTTCCTGCAGTTGAATTCTATGACTACTGAGGACACAGCCACATATTACTGTGC
IGHV-HQ4S,IGHV,Y,Rearranged,CAST_EiJ,CAST_EiJ_IGHV3-5,,watson_et_al:CAST_EiJ_IGHV3-5,,GATGTGCAGCTTCAGGAGTCAGGACCTGGCCTGGTGAAACCTTCTCAGTCACTTTCCCTCACCTGCACTGTCACTGGATACTCCATCACCAGTGGTTATGACTGGAACTGGATCCGGCAGTTTCCAGGAAACAAACTGGAGTGGATGGGCTACATAAGCTACAGTGGTAGCAAGTACTACAACCCATCTCTCAAAAGTCGAATCTCTATCACTCGAGACACATCCAAGAACCAGTTCTCCCTGGAATTGAATTCTGTGACTACTGAGGACACAGCCACATATTACTGTGC,GATGTGCAGCTTCAGGAGTCAGGACCT...GGCCTGGTGAAACCTTCTCAGTCACTTTCCCTCACCTGCACTGTCACTGGATACTCCATCACC.........AGTGGTTATGACTGGAACTGGATCCGGCAGTTTCCAGGAAACAAACTGGAGTGGATGGGCTACATAAGCTACAGT.........GGTAGCAAGTACTACAACCCATCTCTCAAA...AGTCGAATCTCTATCACTCGAGACACATCCAAGAACCAGTTCTCCCTGGAATTGAATTCTGTGACTACTGAGGACACAGCCACATATTACTGTGC
IGHV-UD3M,IGHV,Y,Rearranged,CAST_EiJ,CAST_EiJ_IGHV3-6,,watson_et_al:CAST_EiJ_IGHV3-6,,GATGTGCAGCTTCAGGAGTCAGGACCTGGCCTGGTGAAACCTTCTCAGTCACTTTCCCTCACCTGCACTGTCACTGGCTACTCCATCACCAGTGGTTATGACTGGAACTGGATCCGGCAGTTTCCAGGAAACAAACTGGAGTGGATGGGCTACATAAGCTACAGTGGTAGCACTAACTACAACCCATCCCTCAAAAGTCGAATCTCTATCACTCGAGACACATCCAAGAACCAGTTCTTCCTGCAGTTGAATTCTGTGATTACTGAGGACACAGCCACATATTACTGTGC,GATGTGCAGCTTCAGGAGTCAGGACCT...GGCCTGGTGAAACCTTCTCAGTCACTTTCCCTCACCTGCACTGTCACTGGCTACTCCATCACC.........AGTGGTTATGACTGGAACTGGATCCGGCAGTTTCCAGGAAACAAACTGGAGTGGATGGGCTACATAAGCTACAGT.........GGTAGCACTAACTACAACCCATCCCTCAAA...AGTCGAATCTCTATCACTCGAGACACATCCAAGAACCAGTTCTTCCTGCAGTTGAATTCTGTGATTACTGAGGACACAGCCACATATTACTGTGC
IGHV-BRPO,IGHV,Y,Rearranged,CAST_EiJ,CAST_EiJ_IGHV3-7,IGHV3-5*01|Mus_musculus_C57BL/6,watson_et_al:CAST_EiJ_IGHV3-7,,GATGTGCAGCTTCAGGAGTCAGGACCTGGCCTGGTGAAACCTTCTCAGACAGTGTTCCTCACCTGCACTGTCACTGGCATTTCCATCACCACTGGAAATTACAGGTGGAGCTGGATCCGGCAGTTTCCAGGAAACAAACTGGAGTGGATAGGGTACATATACTACAGTGGTACCATTACCTACAATCCATCTCTCACAAGTCGAACCACCATCACTAGAGACACTCCCAAGAACCAGTTCTTCCTGGAAATGAACTCTTTGACTGCTGAGGACACAGCCACATACTACTGTGCACG,GATGTGCAGCTTCAGGAGTCAGGACCT...GGCCTGGTGAAACCTTCTCAGACAGTGTTCCTCACCTGCACTGTCACTGGCATTTCCATCACC......ACTGGAAATTACAGGTGGAGCTGGATCCGGCAGTTTCCAGGAAACAAACTGGAGTGGATAGGGTACATATACTACAGT.........GGTACCATTACCTACAATCCATCTCTCACA...AGTCGAACCACCATCACTAGAGACACTCCCAAGAACCAGTTCTTCCTGGAAATGAACTCTTTGACTGCTGAGGACACAGCCACATACTACTGTGCACG
IGHV-BQ3L,IGHV,Y,Rearranged,CAST_EiJ,CAST_EiJ_IGHV3-8,,watson_et_al:CAST_EiJ_IGHV3-8,,GATGTGCAGCTTCAGGAGTCAGGACCTGGCCTCGTGAAACCCTCTCAGTCTCTGTCTCTCACCTGCTCTGTCACTGGCTACTCCATCACCAGTGGTTATTACTGGCACTGGATCCGGCAGTTTCCAGGAAACAAACTGGAGTGGATGGGATACATAAGCAACGGTGGTAGCACTGACTACAACCCATCTCTCAAAAATCGAATCTCCATCACTCATGACACATCTAAGAACCAGTTCTTCCTGAAGTTGAATTCTGTGACTACTGAGGACACAGCCACATATTACTGTGC,GATGTGCAGCTTCAGGAGTCAGGACCT...GGCCTCGTGAAACCCTCTCAGTCTCTGTCTCTCACCTGCTCTGTCACTGGCTACTCCATCACC.........AGTGGTTATTACTGGCACTGGATCCGGCAGTTTCCAGGAAACAAACTGGAGTGGATGGGATACATAAGCAACGGT.........GGTAGCACTGACTACAACCCATCTCTCAAA...AATCGAATCTCCATCACTCATGACACATCTAAGAACCAGTTCTTCCTGAAGTTGAATTCTGTGACTACTGAGGACACAGCCACATATTACTGTGC
IGHV-NTLL,IGHV,Y,Rearranged,CAST_EiJ,CAST_EiJ_IGHV3-9,,watson_et_al:CAST_EiJ_IGHV3-9,Sequence truncated before second cysteine,GAGGTGCAGCTTCAGGAGTCAGGACCTGGCCTGGTGAAACCTTCTCAAACTCTGTCCCTCACCTGTTCTGTCACTGGCTACTCCATCACCAATGATTACTGGAACTGGATCCGGAAATTCCCAGGGAATAAACTTGAGTACATGGGGTACATAAGCTACAGAGGCACTTACTACAATCCATCTCTCAAAAGTCGAATCTCCATCACTCAAGACACATCCAAGAACCAGTACTACCTGCAGTTGAATTCTGTGACTACTGAGGACACAGCCACATATTACTGTT,GAGGTGCAGCTTCAGGAGTCAGGACCT...GGCCTGGTGAAACCTTCTCAAACTCTGTCCCTCACCTGTTCTGTCACTGGCTACTCCATC............ACCAATGATTACTGGAACTGGATCCGGAAATTCCCAGGGAATAAACTTGAGTACATGGGGTACATAAGCTACAGA.........GGCACTTACTACAATCCATCTCTCAAAAGT...CGAATCTCCATCACTCAAGACACATCCAAGAACCAGTACTACCTGCAGTTGAATTCTGTGACTACTGAGGACACAGCCACATATTACTGTT
IGHV-UFPS,IGHV,Y,Rearranged,CAST_EiJ,CAST_EiJ_IGHV4-1,,watson_et_al:CAST_EiJ_IGHV4-1,,GAGGTGAAGCTTCTCGAGTCTGGAGGTGGCCTGGTGCAGCCTGGAGGATCCCTGAAACTCTCCTGTGCAGCCTCAGGATTCGATTTTAGTAGATACTGGATGAGTTGGGTCCGGCAGGCTCCAGGGAAAGGGCTAGAATGGATTGGAGAAATTAATCCAGGTAGCAGTACGATAAACTATGCACCATCTCTAAAGGATAAATTCATCATCTCCAGAGACAATGCCAAAAATACGCTGTACCTGCAAATGAGCAAAGTGAGATCTGAGGACACAGCCCTTTATTACTGTG,GAGGTGAAGCTTCTCGAGTCTGGAGGT...GGCCTGGTGCAGCCTGGAGGATCCCTGAAACTCTCCTGTGCAGCCTCAGGATTCGATTTT............AGTAGATACTGGATGAGTTGGGTCCGGCAGGCTCCAGGGAAAGGGCTAGAATGGATTGGAGAAATTAATCCAGGT......AGCAGTACGATAAACTATGCACCATCTCTAAAG...GATAAATTCATCATCTCCAGAGACAATGCCAAAAATACGCTGTACCTGCAAATGAGCAAAGTGAGATCTGAGGACACAGCCCTTTATTACTGTG
IGHV-3FA4,IGHV,Y,Rearranged,CAST_EiJ,CAST_EiJ_IGHV4-2,,watson_et_al:CAST_EiJ_IGHV4-2,,GAGGTGAAGCTTCTCGAGTCTGGAGGTGGCCTGGTGCAGCCTGGAGGATCCCTGAAACTCTCCTGTGCAGCCTCAGGATTCGATTTTAGTAAAGCCTGGATGAGTTGGGTCCGGCAGGCTACAGGGAAAGGGCTAGAATGGATTGGAGAAATTAGTCCAGGTAGCAGTACGATAAACTATACACCATCTCTAAAGGATAAATTCATCATCTCCAGAGACAACGCCAAAAATACGCTGTACCTGCAAATGAGCAAAGTGAGATCTGAGGACACAGCCCTTTATTACTGT,GAGGTGAAGCTTCTCGAGTCTGGAGGT...GGCCTGGTGCAGCCTGGAGGATCCCTGAAACTCTCCTGTGCAGCCTCAGGATTCGATTTT............AGTAAAGCCTGGATGAGTTGGGTCCGGCAGGCTACAGGGAAAGGGCTAGAATGGATTGGAGAAATTAGTCCAGGT......AGCAGTACGATAAACTATACACCATCTCTAAAG...GATAAATTCATCATCTCCAGAGACAACGCCAAAAATACGCTGTACCTGCAAATGAGCAAAGTGAGATCTGAGGACACAGCCCTTTATTACTGT
IGHV-SJLD,IGHV,Y,Rearranged,CAST_EiJ,CAST_EiJ_IGHV5-1,,watson_et_al:CAST_EiJ_IGHV5-1,,GAAGTGAAGCTGGTGGAGTCTGGGGGAGGCTTAGTGAAGCCTGGAGGGTCCCTGAAACTCTCCTGTGCAGCCTCTGGATTCACTTTCAGTAGCTATGCCATGTCTTGGGTTCGCCAGACTCCGGAGAAGAAGCTGGAGTGGGTCGCAGCCATTAGTAGTAATGGTGGTAGCACCTATTATCCAGACACTGTAAAGGGCCGATTCACCATCTCCAGAGACAATGCCAAGAACACCCTGTACCTGCAAATGAGCAGTCTGAGGTCTGAGGACACAGCCTTGTATTACTGTGCAAG,GAAGTGAAGCTGGTGGAGTCTGGGGGA...GGCTTAGTGAAGCCTGGAGGGTCCCTGAAACTCTCCTGTGCAGCCTCTGGATTCACTTTC............AGTAGCTATGCCATGTCTTGGGTTCGCCAGACTCCGGAGAAGAAGCTGGAGTGGGTCGCAGCCATTAGTAGTAAT......GGTGGTAGCACCTATTATCCAGACACTGTAAAG...GGCCGATTCACCATCTCCAGAGACAATGCCAAGAACACCCTGTACCTGCAAATGAGCAGTCTGAGGTCTGAGGACACAGCCTTGTATTACTGTGCAAG
IGHV-CNE7,IGHV,Y,Rearranged,CAST_EiJ,CAST_EiJ_IGHV5-2,,watson_et_al:CAST_EiJ_IGHV5-2,,GAGGTGCAGCTGGTGGAGTCTGGGGGAGGCTTAGTGCAGCCTGGAGGGTCCCTGAAACTCTCCTGTGCAGCCTCTGGATTTACATTCAGTAGCCATTTCATGGCATGGGTCCGCCAAACTCCAGAGAAAAGACTGGAGTGGGCCGCAAACATTTATCCTGATGGTGGTACCGCCTACTATCCAAACACTGTGAAGGGCCGATTCACCATCTCCAGAGACAATGCCAGGAATATCATGTACCTGCAAATGAGCAGTCTGAGGTCTGAGGACACGGCCATGTATTACTGTGTAAGACA,GAGGTGCAGCTGGTGGAGTCTGGGGGA...GGCTTAGTGCAGCCTGGAGGGTCCCTGAAACTCTCCTGTGCAGCCTCTGGATTTACATTC............AGTAGCCATTTCATGGCATGGGTCCGCCAAACTCCAGAGAAAAGACTGGAGTGGGCCGCAAACATTTATCCTGAT......GGTGGTACCGCCTACTATCCAAACACTGTGAAG...GGCCGATTCACCATCTCCAGAGACAATGCCAGGAATATCATGTACCTGCAAATGAGCAGTCTGAGGTCTGAGGACACGGCCATGTATTACTGTGTAAGACA
IGHV-2DBF,IGHV,Y,Rearranged,CAST_EiJ,CAST_EiJ_IGHV5-3,,watson_et_al:CAST_EiJ_IGHV5-3,,GAAGTGAAGCTGGTGGAGTCTGAGGGAGGCTTAGTGCAGCCTGGAAGTTCCATGAAACTCTCCTGCACAGCCTCTGGATTCACTTTCAGTGACTATTACATGGCTTGGGTCCGCCAGGTTCCAGAAAAGGGTCTAGAATGGGTTGCAAACATTAATTATGATGGTAGTGGCACCTACTATCTGGACTCCTTGAAGAGCCGTTTCATCATCTCGAGAGACAATGCAAAGAACATTCTATACCTGCAAATGAGCAGTCTGAAGTCTGAGGACACAGCCACGTATTACTGTGCAA,GAAGTGAAGCTGGTGGAGTCTGAGGGA...GGCTTAGTGCAGCCTGGAAGTTCCATGAAACTCTCCTGCACAGCCTCTGGATTCACTTTC............AGTGACTATTACATGGCTTGGGTCCGCCAGGTTCCAGAAAAGGGTCTAGAATGGGTTGCAAACATTAATTATGAT......GGTAGTGGCACCTACTATCTGGACTCCTTGAAG...AGCCGTTTCATCATCTCGAGAGACAATGCAAAGAACATTCTATACCTGCAAATGAGCAGTCTGAAGTCTGAGGACACAGCCACGTATTACTGTGCAA
IGHV-766P,IGHV,Y,Rearranged,CAST_EiJ,CAST_EiJ_IGHV5-4,,watson_et_al:CAST_EiJ_IGHV5-4,,GAGGTGCAGCTGGTGGAGTCTGGGGGAGGCTTAGTGAAGCCTGGAGGGTCCCTGAAACTCTCCTGTGCAGCCTCTGGATTCACTTTCAGTAGCTATGGCATGTCTTGGGTTCGCCAGACTCCAGAGAAGAGGCTGGAGTGGGTTGCATACATTAGTAGTGGCAGTAGTACCATCTACTATGCAGACACAGTGAAGGGCCGATTCACCATCTCCAGAGACAATGCCAAGAACACCCTGTTCCTGCAAATGACCAGTCTAAGGTCTGAGGACACAGCCATGTATTACTGT,GAGGTGCAGCTGGTGGAGTCTGGGGGA...GGCTTAGTGAAGCCTGGAGGGTCCCTGAAACTCTCCTGTGCAGCCTCTGGATTCACTTTC............AGTAGCTATGGCATGTCTTGGGTTCGCCAGACTCCAGAGAAGAGGCTGGAGTGGGTTGCATACATTAGTAGTGGC......AGTAGTACCATCTACTATGCAGACACAGTGAAG...GGCCGATTCACCATCTCCAGAGACAATGCCAAGAACACCCTGTTCCTGCAAATGACCAGTCTAAGGTCTGAGGACACAGCCATGTATTACTGT
IGHV-5CPP,IGHV,Y,Rearranged,CAST_EiJ,CAST_EiJ_IGHV5-5,,watson_et_al:CAST_EiJ_IGHV5-5,,GACGTGAAGCTCGTGGAGTCTGGGGGAGGCTTAGTGAAGCCTGGAGGGTCCCTGAAACTCTCCTGTGCAGCCTCTGGATTCACTTTCAGTAGCTATTACATGTCTTGGGCTCGGCAGACTCCGGAGAAGAGGCTGGAGTGGGTCGCAACCATTAGTAATACTGGTGGTAGCACCTACTATCCAGACACTGTGAAGGGGCGATTCACCATCTCCAGAGACAATGCCAAGAACACCCTGTACCTGCAAATGAGCAGTCTGAATTCTGAGGACACAGCCGTGTATTACTGT,GACGTGAAGCTCGTGGAGTCTGGGGGA...GGCTTAGTGAAGCCTGGAGGGTCCCTGAAACTCTCCTGTGCAGCCTCTGGATTCACTTTC............AGTAGCTATTACATGTCTTGGGCTCGGCAGACTCCGGAGAAGAGGCTGGAGTGGGTCGCAACCATTAGTAATACT......GGTGGTAGCACCTACTATCCAGACACTGTGAAG...GGGCGATTCACCATCTCCAGAGACAATGCCAAGAACACCCTGTACCTGCAAATGAGCAGTCTGAATTCTGAGGACACAGCCGTGTATTACTGT
IGHV-UBKV,IGHV,Y,Rearranged,CAST_EiJ,CAST_EiJ_IGHV5-6,,watson_et_al:CAST_EiJ_IGHV5-6,,GAAGTGAAGCTGGTGGAGTCTGGGGGAGGCTTAGTGAAGCCTGGAGGGTCCCTGAAACTCTCCTGTGCAGCCTCTGGATTTACTTTCAGTAGCTATGACATGTCTTGGGTTCGCCAGACTCCGGAGAAGAGGCTGGAGTGGGTCGCAACCATTAGTAGTGGTGGTAGTTACACCTACTATCCAGACAGTGTGAAGGGGCGATTCACCATCTCCAGAGACAATGCCAAGAACACCCTGTACCTGCAAATGAGCAGTTTGAAGTCTGAGGACACAGCCATGTATTACTGTGC,GAAGTGAAGCTGGTGGAGTCTGGGGGA...GGCTTAGTGAAGCCTGGAGGGTCCCTGAAACTCTCCTGTGCAGCCTCTGGATTTACTTTC............AGTAGCTATGACATGTCTTGGGTTCGCCAGACTCCGGAGAAGAGGCTGGAGTGGGTCGCAACCATTAGTAGTGGT......GGTAGTTACACCTACTATCCAGACAGTGTGAAG...GGGCGATTCACCATCTCCAGAGACAATGCCAAGAACACCCTGTACCTGCAAATGAGCAGTTTGAAGTCTGAGGACACAGCCATGTATTACTGTGC
IGHV-LWU7,IGHV,Y,Rearranged,CAST_EiJ,CAST_EiJ_IGHV5-7,,watson_et_al:CAST_EiJ_IGHV5-7,,GAAGTGCAGCTGGTGGAGTCTGGGGGAGGCTTAGTGAAACCTGGAGGGTCCCTGAAACTCTCCTGTGCAGCCTCTGGATTCACTTTCAGTAGCTATGGCATGTCTTGGGTTCGCCAGACTCCGGAGAAGAGGCTGGAGTGGGTCGCAACCATTAGTAGTGGTGGTGGTAACACCTACTATCCAGACAGTGTGAAGGGTCGATTCACCATCTCCAGAGACAATGCCAAGAACACCCTGTACCTGCAAATGAGCAGTTTGAAGTCTGAGGACACAGCCATGTATTACTGTGC,GAAGTGCAGCTGGTGGAGTCTGGGGGA...GGCTTAGTGAAACCTGGAGGGTCCCTGAAACTCTCCTGTGCAGCCTCTGGATTCACTTTC............AGTAGCTATGGCATGTCTTGGGTTCGCCAGACTCCGGAGAAGAGGCTGGAGTGGGTCGCAACCATTAGTAGTGGT......GGTGGTAACACCTACTATCCAGACAGTGTGAAG...GGTCGATTCACCATCTCCAGAGACAATGCCAAGAACACCCTGTACCTGCAAATGAGCAGTTTGAAGTCTGAGGACACAGCCATGTATTACTGTGC
IGHV-BVKM,IGHV,Y,Rearranged,CAST_EiJ,CAST_EiJ_IGHV5-8,,watson_et_al:CAST_EiJ_IGHV5-8,,GAAGTGAAGCTGGTGGAGTCTGGGGGAGGCTTAGTGCAGCCTGGAGGGTCCCTGAAACTCTCCTGTGCAGCCTCTGGATTCACTTTCAGTAACTATTACATGTCTTGGGTTCGCCAGACTCCGGAGAAGAGGCTGGAGTGGGTCGCAGAAATTAGTAGTGGTGGTGGTAACACCTACTATCCAGACAGTGTGAAGGGTCGATTCACCATCTCCAAAGACAATGCCAAGAACACCCTGTACCTGCAAATGAGCAGTCTGAGGTCTGAGGACACAGCCATGTATTACTGTGCAAG,GAAGTGAAGCTGGTGGAGTCTGGGGGA...GGCTTAGTGCAGCCTGGAGGGTCCCTGAAACTCTCCTGTGCAGCCTCTGGATTCACTTTC............AGTAACTATTACATGTCTTGGGTTCGCCAGACTCCGGAGAAGAGGCTGGAGTGGGTCGCAGAAATTAGTAGTGGT......GGTGGTAACACCTACTATCCAGACAGTGTGAAG...GGTCGATTCACCATCTCCAAAGACAATGCCAAGAACACCCTGTACCTGCAAATGAGCAGTCTGAGGTCTGAGGACACAGCCATGTATTACTGTGCAAG
IGHV-CAUP,IGHV,Y,Rearranged,CAST_EiJ,CAST_EiJ_IGHV6-1,,watson_et_al:CAST_EiJ_IGHV6-1,,GAAGTGAAGCTTGAGGAGTCTGGAGGAGGCTTGGTGCAACCTGGAGGATCCATGAAACTCTCCTGTGTAGCCTCTGGATTCACTTTCAGTAACTCCTGGATGAACTGGGTCCGCCAGTCTCCAGAGAAGGGGCTTGAGTGGGTTGCTCAAATTAGATTGAAATCTGATAATTATGCAACACATTATGCGGAGTCTGTGAAAGGGAGGTTCACCATCTCAAGAGATGATTCCAGAAGTCGTCTCTACCTGCAAATGAACAGCTTAAGGGCTGAAGACACTGGAATTTATTACTGC,GAAGTGAAGCTTGAGGAGTCTGGAGGA...GGCTTGGTGCAACCTGGAGGATCCATGAAACTCTCCTGTGTAGCCTCTGGATTCACTTTC............AGTAACTCCTGGATGAACTGGGTCCGCCAGTCTCCAGAGAAGGGGCTTGAGTGGGTTGCTCAAATTAGATTGAAATCTGATAATTATGCAACACATTATGCGGAGTCTGTGAAA...GGGAGGTTCACCATCTCAAGAGATGATTCCAGAAGTCGTCTCTACCTGCAAATGAACAGCTTAAGGGCTGAAGACACTGGAATTTATTACTGC
IGHV-AGKP,IGHV,Y,Rearranged,CAST_EiJ,CAST_EiJ_IGHV6-2,,watson_et_al:CAST_EiJ_IGHV6-2,,GAAGTGAAGCTTGAGGAGTCTGGAGGAGGCTTGGTGCAACCTGGAGGATCCATGAAACTCTCCTGTGTAGCCTCTGGATTCACTTTCAGTACCTACTGGATGTCCTGGGTCCGCCAGTCTCCAGAGAAGGGGCTTGAGTGGGTTGCTGAAATTAGATTGAAATCTGATAATTATGCAACACATTATGCGGAGTCTGTGAAAGGGAGGTTCACCATCTCAAGAGATGATTCCAAAAGTAGTGTCTACCTGCAAATGAACAACTTAAGGGCTGAAGACACTGGAATTTATTACTGC,GAAGTGAAGCTTGAGGAGTCTGGAGGA...GGCTTGGTGCAACCTGGAGGATCCATGAAACTCTCCTGTGTAGCCTCTGGATTCACTTTC............AGTACCTACTGGATGTCCTGGGTCCGCCAGTCTCCAGAGAAGGGGCTTGAGTGGGTTGCTGAAATTAGATTGAAATCTGATAATTATGCAACACATTATGCGGAGTCTGTGAAA...GGGAGGTTCACCATCTCAAGAGATGATTCCAAAAGTAGTGTCTACCTGCAAATGAACAACTTAAGGGCTGAAGACACTGGAATTTATTACTGC
IGHV-5QIY,IGHV,Y,Rearranged,CAST_EiJ,CAST_EiJ_IGHV6-3,,watson_et_al:CAST_EiJ_IGHV6-3,,GAAGTGAAGCTTGAGGAGTCTGGAGGAGGCTTGGTGCAACCTGGAGGATCCATGAAACTCTCTTGTGCTGCCTCTGGATTCACTTTTAGTGACGCCTGGATGGACTGGGTCCGCCAGTCTCCAGAGAAGGGGCTTGAGTGGGTTGCTGAAATTAGAAACAAAGCTAGTAATTATGCAACGTATTATGCGGAGTCTGTGAAAGGGAGGTTCACCATCTCAAGAGATGATTCCAAAAGTAGTGTCTACCTGCAAATGAACAGCTTAAGAGCTGAAGACACTGGCATTTATTACTGT,GAAGTGAAGCTTGAGGAGTCTGGAGGA...GGCTTGGTGCAACCTGGAGGATCCATGAAACTCTCTTGTGCTGCCTCTGGATTCACTTTT............AGTGACGCCTGGATGGACTGGGTCCGCCAGTCTCCAGAGAAGGGGCTTGAGTGGGTTGCTGAAATTAGAAACAAAGCTAGTAATTATGCAACGTATTATGCGGAGTCTGTGAAA...GGGAGGTTCACCATCTCAAGAGATGATTCCAAAAGTAGTGTCTACCTGCAAATGAACAGCTTAAGAGCTGAAGACACTGGCATTTATTACTGT
IGHV-RR3Z,IGHV,Y,Rearranged,CAST_EiJ,CAST_EiJ_IGHV6-4,,watson_et_al:CAST_EiJ_IGHV6-4,,GAAGTGAAGCTTGAGGAGTCTGGAGGAGGCTTGGTGCAACCTGGAGGATCCATGAAACTCTCCTGTGCTGCCTCTGGATTCACTTTCAGTAACTACTGGATGGATTGGGTCCGCCAGTCTCCAGAGAAGGGGCTTGAGTGGGTTGCTGAAATTAGAAACAAAGCTAGTAATTATGCAACGTATTATGCGGAGTCTGTGAAAGGGAGGTTCACCATCTCAAGAGATGATTCCAAAAGTAGTGTCTACCTGCAAATGAACAGCTTAAGAGCTGAAGACACTGGCATTTATTACTGT,GAAGTGAAGCTTGAGGAGTCTGGAGGA...GGCTTGGTGCAACCTGGAGGATCCATGAAACTCTCCTGTGCTGCCTCTGGATTCACTTTC............AGTAACTACTGGATGGATTGGGTCCGCCAGTCTCCAGAGAAGGGGCTTGAGTGGGTTGCTGAAATTAGAAACAAAGCTAGTAATTATGCAACGTATTATGCGGAGTCTGTGAAA...GGGAGGTTCACCATCTCAAGAGATGATTCCAAAAGTAGTGTCTACCTGCAAATGAACAGCTTAAGAGCTGAAGACACTGGCATTTATTACTGT
IGHV-U6RV,IGHV,Y,Rearranged,CAST_EiJ,CAST_EiJ_IGHV6-5,,watson_et_al:CAST_EiJ_IGHV6-5,,GAGGTGAAGCTGGATGAGTCTGGAGGAGGCTTGGTGCAACCTGGGAGGTCCATGAAACTCTCCTGTGTTGCCTCTGGATTCACTTTTAGTGACTACTGGATGAACTGGGTCCGCCAGTCTCCAGAGAAAGGACTGGAGTGGGTAGCACAAATTAGAAACAAACCTTATAATTATGAAACATATTATTCAGATTCTGTGAAAGGCAGATTCACCATCTCAAGAGATGATTCCAAAAGTAGTGTCTACCTGCAAATGAACAACTTAAGAGCTGAAGACACGGGCATCTATTACTGTAC,GAGGTGAAGCTGGATGAGTCTGGAGGA...GGCTTGGTGCAACCTGGGAGGTCCATGAAACTCTCCTGTGTTGCCTCTGGATTCACTTTT............AGTGACTACTGGATGAACTGGGTCCGCCAGTCTCCAGAGAAAGGACTGGAGTGGGTAGCACAAATTAGAAACAAACCTTATAATTATGAAACATATTATTCAGATTCTGTGAAA...GGCAGATTCACCATCTCAAGAGATGATTCCAAAAGTAGTGTCTACCTGCAAATGAACAACTTAAGAGCTGAAGACACGGGCATCTATTACTGTAC
IGHV-KDFG,IGHV,Y,Rearranged,CAST_EiJ,CAST_EiJ_IGHV7-1,,watson_et_al:CAST_EiJ_IGHV7-1,,GAGGTGAAGCTGATGGAATCTGGAGGAGGCTTGGTACAGCCTGGGGGTTCTCTGAGTCTCTCCTGTGCAGCTTCTGGATTCACCTTTACTGATTACTACATGAGCTGGGTCCGCCAGCATCCAGGGAAGGCACCTGAGTGGTTGGCTTTGATTAGAAACAAAGCTAATGGTTACACAACAGAGTATACTGCATCTGTTAAGGGTCGGTTCACCATCTCCAGAGATAATTCCCAAAACATCCTCTATCTTCAAATGAACACCCTGAGGGCTGAGGACAGTGCCACTTATTACTGT,GAGGTGAAGCTGATGGAATCTGGAGGA...GGCTTGGTACAGCCTGGGGGTTCTCTGAGTCTCTCCTGTGCAGCTTCTGGATTCACCTTT............ACTGATTACTACATGAGCTGGGTCCGCCAGCATCCAGGGAAGGCACCTGAGTGGTTGGCTTTGATTAGAAACAAAGCTAATGGTTACACAACAGAGTATACTGCATCTGTTAAG...GGTCGGTTCACCATCTCCAGAGATAATTCCCAAAACATCCTCTATCTTCAAATGAACACCCTGAGGGCTGAGGACAGTGCCACTTATTACTGT
IGHV-GDPO,IGHV,Y,Rearranged,CAST_EiJ,CAST_EiJ_IGHV8-1,,watson_et_al:CAST_EiJ_IGHV8-1,,CAGGTTACTCTGAAAGAGTCTGGCCCTGGGATATTGCAGCCCTCCCAGACCCTCAGTCTGACTTGTTCTTTCTCTGGGTTTTCACTGAGCACTTATGGTATGGGTGTAGGCTGGATTCGTCAGCCTTCGGGGAAGGGTCTGGAGTGGCTGGCACACATTTGGTGGAATGATAATAAGTACTATAACCCAACCCTGAAGAGCCGGCTCACAATCTCCAAGGATACCTCCAGCAACCAGGTATTCCTCAAGATCGCCAGTGTGGACACTGCAGATACTGCCACATACTACTGTGCTCGA,CAGGTTACTCTGAAAGAGTCTGGCCCT...GGGATATTGCAGCCCTCCCAGACCCTCAGTCTGACTTGTTCTTTCTCTGGGTTTTCACTGAGC......ACTTATGGTATGGGTGTAGGCTGGATTCGTCAGCCTTCGGGGAAGGGTCTGGAGTGGCTGGCACACATTTGGTGGAAT.........GATAATAAGTACTATAACCCAACCCTGAAG...AGCCGGCTCACAATCTCCAAGGATACCTCCAGCAACCAGGTATTCCTCAAGATCGCCAGTGTGGACACTGCAGATACTGCCACATACTACTGTGCTCGA
IGHV-2ETO,IGHV,Y,Rearranged,CAST_EiJ,CAST_EiJ_IGHV8-2,,watson_et_al:CAST_EiJ_IGHV8-2,,CAAGTTACTCTAAAAGAGTCTGGCCCTGGGATATTGAAGCCCTCACAGACCCTCAGTCTGACTTGTTCTTTCTCTGGGTTTTCACTGAGCACTACTAATATGGGTGTAGGCTGGATTCGTCAGCCTTCAGGGAAGGGTCTGGAGTGGCTGGCACACATTTGGTGGGATGATGATAAGTACTATAACCCATCCCTGAAGAGCCGGCTAACAATCTCCAAGGATACCTCCAGAAACCAGGTATTCCTCAAGATCACCAGTGTGGACACTGCAGATACTGCCACTTACTACTGTGCTC,CAAGTTACTCTAAAAGAGTCTGGCCCT...GGGATATTGAAGCCCTCACAGACCCTCAGTCTGACTTGTTCTTTCTCTGGGTTTTCACTGAGC......ACTACTAATATGGGTGTAGGCTGGATTCGTCAGCCTTCAGGGAAGGGTCTGGAGTGGCTGGCACACATTTGGTGGGAT.........GATGATAAGTACTATAACCCATCCCTGAAG...AGCCGGCTAACAATCTCCAAGGATACCTCCAGAAACCAGGTATTCCTCAAGATCACCAGTGTGGACACTGCAGATACTGCCACTTACTACTGTGCTC
IGHV-6OTV,IGHV,Y,Rearranged,CAST_EiJ,CAST_EiJ_IGHV9-1,,watson_et_al:CAST_EiJ_IGHV9-1,,CAGATCCAGTTGGTGCAGTCTGGACCTGAGCTGAAGAAGCCTGGAGAGACAGTCAAGATCTCCTGCAAGGCTTCTGGGTATACATTCACAGACTATGCAATGCACTGGGTGAAGCAGGCTCCAGGAAAGGGTTTAAAGTGGATGGGCTGGATAAACACCAACTCAGGTGTGCCAACATATGCTGATGACTTCAAGGGACGGTTTGTCTTCTCTTTGGAAACCTCTGCCAGCACTGCCTATTTGCAGATCAACAACCTCAAAAATGAGGACATGGCTACATATTTCTGTG,CAGATCCAGTTGGTGCAGTCTGGACCT...GAGCTGAAGAAGCCTGGAGAGACAGTCAAGATCTCCTGCAAGGCTTCTGGGTATACATTC............ACAGACTATGCAATGCACTGGGTGAAGCAGGCTCCAGGAAAGGGTTTAAAGTGGATGGGCTGGATAAACACCAAC......TCAGGTGTGCCAACATATGCTGATGACTTCAAG...GGACGGTTTGTCTTCTCTTTGGAAACCTCTGCCAGCACTGCCTATTTGCAGATCAACAACCTCAAAAATGAGGACATGGCTACATATTTCTGTG
IGHV-CW44,IGHV,Y,Rearranged,CAST_EiJ,CAST_EiJ_IGHV9-2,,watson_et_al:CAST_EiJ_IGHV9-2,,CAGATCCAGTTGGTGCAGTCTGGACCTGAGCTGAAGAAGCCTGGAGAGACAGTCAAGATCTCCTGCAAGGCTTCTGGGTATACATTCACAGACTATGGAATGAACTGGGTGAAAGAGGTTCCAGGAAAGGGTTTCAAGTGGATGGGCTGGATAAACACCTACTCTGGAGTGCCAACATATGCTGACGCCTTCAAGGGACGGTTTGCCTTCTCTTTGGAAACCTCTGCCAGCACTGCCTATTTGCAGATCAACAACCTCAAAAATGAGGACATGGCTACATATTTCTGTG,CAGATCCAGTTGGTGCAGTCTGGACCT...GAGCTGAAGAAGCCTGGAGAGACAGTCAAGATCTCCTGCAAGGCTTCTGGGTATACATTC............ACAGACTATGGAATGAACTGGGTGAAAGAGGTTCCAGGAAAGGGTTTCAAGTGGATGGGCTGGATAAACACCTAC......TCTGGAGTGCCAACATATGCTGACGCCTTCAAG...GGACGGTTTGCCTTCTCTTTGGAAACCTCTGCCAGCACTGCCTATTTGCAGATCAACAACCTCAAAAATGAGGACATGGCTACATATTTCTGTG
IGHV-QFNR,IGHV,Y,Rearranged,CAST_EiJ,CAST_EiJ_IGHV9-3,,watson_et_al:CAST_EiJ_IGHV9-3,,CAGATCCAGTTGGTGCAGTCTGGACCTGAGCTGAAGAAGCCTGGAGAGACAGTCAAGATCTCCTGCAAGGCTTCTGGGTATACCTTCACAGACTATTCAATTCACTGGGTGAAGCAGGCTCCAGGAAAGGGTTTAAAGTGGATGTGTTGGATAAACACCTACACTGGAGTGCCAACATATGCTGAAGAGTTCAAGGGACGGTTTGCCTTCTCTTTGGAAACCTCTGCCAGCACTGCCTATTTGCAGATCAACAACCTCAAAAATGAGGACATGGCTACATATTTCTGTGC,CAGATCCAGTTGGTGCAGTCTGGACCT...GAGCTGAAGAAGCCTGGAGAGACAGTCAAGATCTCCTGCAAGGCTTCTGGGTATACCTTC............ACAGACTATTCAATTCACTGGGTGAAGCAGGCTCCAGGAAAGGGTTTAAAGTGGATGTGTTGGATAAACACCTAC......ACTGGAGTGCCAACATATGCTGAAGAGTTCAAG...GGACGGTTTGCCTTCTCTTTGGAAACCTCTGCCAGCACTGCCTATTTGCAGATCAACAACCTCAAAAATGAGGACATGGCTACATATTTCTGTGC
IGHV-KZN5,IGHV,Y,Rearranged,CAST_EiJ,CAST_EiJ_IGHV9-4,,watson_et_al:CAST_EiJ_IGHV9-4,,CAGATCCAGTTGGTGCAGTCTGGACCTGAGCTGAAGAAGCCTGGAGAGACAGTCAAGATCTCCTGCAAGGCTTCTGGGTATACCTTCACAGACTATTCAATGCACTGGGTGAAGCAGGCTCCAGGAAAGGGTTTAAAGTGGATGGGCTGGATAAACACCTACACTGGAGAGCCAACATATGCTGAAGAGTTCAAGGGACGGTTTGCCTTCTCTTTGGAAACCTCTGCCAGCACTGCCTATTTGCAGATCAACAACCTCAAAAATGAGGACATGGCTACATATTTCTGTGC,CAGATCCAGTTGGTGCAGTCTGGACCT...GAGCTGAAGAAGCCTGGAGAGACAGTCAAGATCTCCTGCAAGGCTTCTGGGTATACCTTC............ACAGACTATTCAATGCACTGGGTGAAGCAGGCTCCAGGAAAGGGTTTAAAGTGGATGGGCTGGATAAACACCTAC......ACTGGAGAGCCAACATATGCTGAAGAGTTCAAG...GGACGGTTTGCCTTCTCTTTGGAAACCTCTGCCAGCACTGCCTATTTGCAGATCAACAACCTCAAAAATGAGGACATGGCTACATATTTCTGTGC
IGHV-PWKC,IGHV,Y,Rearranged,CAST_EiJ,CAST_EiJ_IGHV9-5,,watson_et_al:CAST_EiJ_IGHV9-5,,CAGATCCAGTTGGTGCAGTCTGGACCTGAGCTGAAGAAGCCCGGAGAGACAGTCAAGATCTCCTGCAAGGCTTCTGGCTATACCTTCACAAACTATGCAATGCACTGGGTGAAGCAGGCTCCAGGAAAGGGTTTAAAGTGGATGGGCGTGATATACACCGACACTGGAGAGCCAACATATGCTGAAGAGTTCAAGGGACGGTTTGCCTTCTCTTTGGAAACCTCTGCCAGCACTGCCTATTTGCAGATCAACAACCTCAAAAATGAGGACATGGCTACATATTTCTGTG,CAGATCCAGTTGGTGCAGTCTGGACCT...GAGCTGAAGAAGCCCGGAGAGACAGTCAAGATCTCCTGCAAGGCTTCTGGCTATACCTTC............ACAAACTATGCAATGCACTGGGTGAAGCAGGCTCCAGGAAAGGGTTTAAAGTGGATGGGCGTGATATACACCGAC......ACTGGAGAGCCAACATATGCTGAAGAGTTCAAG...GGACGGTTTGCCTTCTCTTTGGAAACCTCTGCCAGCACTGCCTATTTGCAGATCAACAACCTCAAAAATGAGGACATGGCTACATATTTCTGTG
IGHV-5RMF,IGHV,Y,Rearranged,CAST_EiJ,CAST_EiJ_IGHV9-6,,watson_et_al:CAST_EiJ_IGHV9-6,,CAGATCCAGTTGGTGCAGTCTGGATCTGAGCTGAAGAAGCCTGGAGAGACAGTCAAGATCTCCTGCAAGGCTTCTGGGTATACCTTCACAGACTATGGAATGAGCTGGGTGAAGCAGGCTCCAGGAAAAGGTTTAAAGTGGATGGGGTGGATAAACACCTACTCTGGAGAGCCAACATATGCTGATGACTTCAAGGGACGGTTTGCCTTTTCTTTGGAAACCTCTGCCAGCACTGCCTATTTGCAGATCAACAACCTCAAAAATGAGGACACGGCTACATATTTCTGTGC,CAGATCCAGTTGGTGCAGTCTGGATCT...GAGCTGAAGAAGCCTGGAGAGACAGTCAAGATCTCCTGCAAGGCTTCTGGGTATACCTTC............ACAGACTATGGAATGAGCTGGGTGAAGCAGGCTCCAGGAAAAGGTTTAAAGTGGATGGGGTGGATAAACACCTAC......TCTGGAGAGCCAACATATGCTGATGACTTCAAG...GGACGGTTTGCCTTTTCTTTGGAAACCTCTGCCAGCACTGCCTATTTGCAGATCAACAACCTCAAAAATGAGGACACGGCTACATATTTCTGTGC
IGHV-DWTN,IGHV,Y,Rearranged,CAST_EiJ,CAST_EiJ_IGHV9-7,,watson_et_al:CAST_EiJ_IGHV9-7,,CAGATCCAGTTGGTACAGTCTGGACCTGAGCTGAAGAAGCCTGGAGAGACAGTCAAGATCTCCTGCAAGACTTCTGGGTATATCTTCACAGACTATGGAATGCACTGGGTGAAGCAGGCTCCAGGAAAGGGTTTAAAGTGGATGGGCAGAATAAACACCAAAACTGGTGTGCCAACATATGCTGAAGAGTTCAAGGGACGGTTTGCCTTCTCTTTGGAAACCTCTGCCAGCACTGCCTATTTGCAGATCAACAACCTCAAAAATGAGGACATGGCTACATATTTCTGTGC,CAGATCCAGTTGGTACAGTCTGGACCT...GAGCTGAAGAAGCCTGGAGAGACAGTCAAGATCTCCTGCAAGACTTCTGGGTATATCTTC............ACAGACTATGGAATGCACTGGGTGAAGCAGGCTCCAGGAAAGGGTTTAAAGTGGATGGGCAGAATAAACACCAAA......ACTGGTGTGCCAACATATGCTGAAGAGTTCAAG...GGACGGTTTGCCTTCTCTTTGGAAACCTCTGCCAGCACTGCCTATTTGCAGATCAACAACCTCAAAAATGAGGACATGGCTACATATTTCTGTGC
IGHV-FKCP,IGHV,Y,Rearranged,CAST_EiJ,CAST_EiJ_IGHV9-8,,watson_et_al:CAST_EiJ_IGHV9-8,,CAGATCCAGTTGGTGCAGTCTGGACCTGAGCTGAAGAAGCCTGGAGAGACAGTCAAGATCTCCTGCAAGACTTCTGGGTATACCTTCACAGACTATGGAATGCACTGGGTGAAGCAGGCTCCAGGAAAGGGTTTAAAGTGGATGGGCAGAATAAACACCAAAACTGGTGTGCCAACATATGCTGAAGAGTTCAAGGGACGGTTTGCCTTCTCTTTGGAAACCTCTGCCAGCACTGCCTATTTGCAGATCAACAACCTCAAAAATGAGGACATGGCTACATATTTCTGTGCAA,CAGATCCAGTTGGTGCAGTCTGGACCT...GAGCTGAAGAAGCCTGGAGAGACAGTCAAGATCTCCTGCAAGACTTCTGGGTATACCTTC............ACAGACTATGGAATGCACTGGGTGAAGCAGGCTCCAGGAAAGGGTTTAAAGTGGATGGGCAGAATAAACACCAAA......ACTGGTGTGCCAACATATGCTGAAGAGTTCAAG...GGACGGTTTGCCTTCTCTTTGGAAACCTCTGCCAGCACTGCCTATTTGCAGATCAACAACCTCAAAAATGAGGACATGGCTACATATTTCTGTGCAA
IGHV-TCPT,IGHV,Y,Rearranged,CAST_EiJ,CAST_EiJ_IGHV9-9,,watson_et_al:CAST_EiJ_IGHV9-9,,CAGATCCAGTTGGTGCAGTCTGGACCTGAGCTGAAGAAGCCTGGAGAGACAGTCAAGATCTCCTGCAAGGCTTCTGGGTATACCTTCACAACTGCTGGAATGCAGTGGGTGCAAAAGATGCCAGGAAAGGGTTTTAAGTGGATTGGCTGGATAAACACCCACTCTGGAGAGCCAAAATATGCAGAAGACTTCAAGGGACGGTTTGCCTTCTCTTTGGAAACCTCTGCCAGCACTGCCTATTTACAGATAAGCAACCTCAAAAACGAGGACACGGCTACGTATTTCTGTGCGAGA,CAGATCCAGTTGGTGCAGTCTGGACCT...GAGCTGAAGAAGCCTGGAGAGACAGTCAAGATCTCCTGCAAGGCTTCTGGGTATACCTTC............ACAACTGCTGGAATGCAGTGGGTGCAAAAGATGCCAGGAAAGGGTTTTAAGTGGATTGGCTGGATAAACACCCAC......TCTGGAGAGCCAAAATATGCAGAAGACTTCAAG...GGACGGTTTGCCTTCTCTTTGGAAACCTCTGCCAGCACTGCCTATTTACAGATAAGCAACCTCAAAAACGAGGACACGGCTACGTATTTCTGTGCGAGA
