gene_label,type,functional,inference_type,species_subgroup,subgroup_type,watson_et_al,imgt,alt_names,notes,affirmation,sequence,sequence_gapped
IGHD-JK26,IGHD,Y,Rearranged,CAST_EiJ,strain,CAST_EiJ_IGHD1-1_var,,watson_et_al:CAST_EiJ_IGHD1-1_var,,1,TTTATTACTACAGTGGTAGCTAC,
IGHD-OODI,IGHD,Y,Rearranged,CAST_EiJ,strain,CAST_EiJ_IGHD1-2*01,IGHD1-2*01|Mus_musculus_BALB/c,watson_et_al:CAST_EiJ_IGHD1-2*01,,1,TTCATTACTACGGCTAC,
IGHD-PKVJ,IGHD,Y,Rearranged,CAST_EiJ,strain,CAST_EiJ_IGHD2-13*01,IGHD2-13*01|Mus_musculus_MRL/lpr,watson_et_al:CAST_EiJ_IGHD2-13*01,,1,TCTACTATGGTGACTAC,
IGHD-IQWG,IGHD,Y,Rearranged,CAST_EiJ,strain,CAST_EiJ_IGHD2-3*01,IGHD2-3*01|Mus_musculus_BALB/c,watson_et_al:CAST_EiJ_IGHD2-3*01,,1,TCTATGATGGTTACTAC,
IGHD-AMU5,IGHD,Y,Rearranged,CAST_EiJ,strain,CAST_EiJ_IGHD2-4*01|IGHD2-9*02,"IGHD2-4*01|Mus_musculus_BALB/c,IGHD2-9*02|Mus_musculus_129/Sv",watson_et_al:CAST_EiJ_IGHD2-4*01|IGHD2-9*02,,1,TCTACTATGATTACGAC,
IGHD-EI4K,IGHD,Y,Rearranged,CAST_EiJ,strain,CAST_EiJ_IGHD2-5*01|IGHD2-6*01,"IGHD2-5*01|Mus_musculus_CB.20,IGHD2-6*01|Mus_musculus_C57BL/6J",watson_et_al:CAST_EiJ_IGHD2-5*01|IGHD2-6*01,,1,CCTACTATAGTAACTAC,
IGHD-L36M,IGHD,Y,Rearranged,CAST_EiJ,strain,CAST_EiJ_IGHD3-2*01,IGHD3-2*01|Mus_musculus_BALB/c,watson_et_al:CAST_EiJ_IGHD3-2*01,,1,AGACAGCTCGGGCTAC,
IGHD-G7BZ,IGHD,Y,Rearranged,CAST_EiJ,strain,CAST_EiJ_IGHD4-1*01,IGHD4-1*01|Mus_musculus_BALB/c,watson_et_al:CAST_EiJ_IGHD4-1*01,,1,CTAACTGGGAC,
IGHD-FQOA,IGHD,Y,Rearranged,CAST_EiJ,strain,CAST_EiJ_IGHD4-1*02,IGHD4-1*02|Mus_musculus_BALB/c,watson_et_al:CAST_EiJ_IGHD4-1*02,,1,CAACTGGGAC,
IGHJ-K6AI,IGHJ,Y,Rearranged,CAST_EiJ,strain,CAST_EiJ_IGHJ1*03,IGHJ1*03|Mus_musculus_A/J,watson_et_al:CAST_EiJ_IGHJ1*03,,1,CTACTGGTACTTCGATGTCTGGGGCACAGGGACCACGGTCACCGTCTCCTCAG,
IGHJ-O6GC,IGHJ,Y,Rearranged,CAST_EiJ,strain,CAST_EiJ_IGHJ2_var,,watson_et_al:CAST_EiJ_IGHJ2_var,,1,ACTACTTTGACTACTGGGGCCAAGGCACCACTATCACAGTCTCCTCAG,
IGHJ-UP34,IGHJ,Y,Rearranged,CAST_EiJ,strain,CAST_EiJ_IGHJ3*01,IGHJ3*01|Mus_musculus,watson_et_al:CAST_EiJ_IGHJ3*01,,1,CCTGGTTTGCTTACTGGGGCCAAGGGACTCTGGTCACTGTCTCTGCAG,
IGHJ-EGQA,IGHJ,Y,Rearranged,CAST_EiJ,strain,CAST_EiJ_IGHJ4*01,IGHJ4*01|Mus_musculus,watson_et_al:CAST_EiJ_IGHJ4*01,,1,ATTACTATGCTATGGACTACTGGGGTCAAGGAACCTCAGTCACCGTCTCCTCAG,
